"","df_result$institution_id","df_result$code","df_result$display","df_result$gender","df_result$age","count"
"1","260123451-Airolo","J12.8 U07.1!","Pneumonie durch sonstige Viren","f","(1,10]",5
"2","260123451-Airolo","J12.8 U07.1!","Pneumonie durch sonstige Viren","f","(11,20]",6
"3","260123451-Airolo","J12.8 U07.1!","Pneumonie durch sonstige Viren","f","(21,30]",17
"4","260123451-Airolo","J12.8 U07.1!","Pneumonie durch sonstige Viren","f","(31,40]",22
"5","260123451-Airolo","J12.8 U07.1!","Pneumonie durch sonstige Viren","f","(41,50]",24
"6","260123451-Airolo","J12.8 U07.1!","Pneumonie durch sonstige Viren","f","(51,60]",28
"7","260123451-Airolo","J12.8 U07.1!","Pneumonie durch sonstige Viren","f","(61,70]",31
"8","260123451-Airolo","J12.8 U07.1!","Pneumonie durch sonstige Viren","f","(71,80]",27
"9","260123451-Airolo","J12.8 U07.1!","Pneumonie durch sonstige Viren","f","(81,90]",12
"10","260123451-Airolo","J12.8 U07.1!","Pneumonie durch sonstige Viren","m","(1,10]",6
"11","260123451-Airolo","J12.8 U07.1!","Pneumonie durch sonstige Viren","m","(11,20]",4
"12","260123451-Airolo","J12.8 U07.1!","Pneumonie durch sonstige Viren","m","(21,30]",8
"13","260123451-Airolo","J12.8 U07.1!","Pneumonie durch sonstige Viren","m","(31,40]",13
"14","260123451-Airolo","J12.8 U07.1!","Pneumonie durch sonstige Viren","m","(41,50]",18
"15","260123451-Airolo","J12.8 U07.1!","Pneumonie durch sonstige Viren","m","(51,60]",27
"16","260123451-Airolo","J12.8 U07.1!","Pneumonie durch sonstige Viren","m","(61,70]",23
"17","260123451-Airolo","J12.8 U07.1!","Pneumonie durch sonstige Viren","m","(71,80]",18
"18","260123451-Airolo","J12.8 U07.1!","Pneumonie durch sonstige Viren","m","(81,90]",7
"19","260123451-Airolo","U08.9 U09.9!","COVID-19 in der Eigenanamnese, nicht näher bezeichnet","f","(11,20]",4
"20","260123451-Airolo","U08.9 U09.9!","COVID-19 in der Eigenanamnese, nicht näher bezeichnet","f","(21,30]",2
"21","260123451-Airolo","U08.9 U09.9!","COVID-19 in der Eigenanamnese, nicht näher bezeichnet","f","(31,40]",5
"22","260123451-Airolo","U08.9 U09.9!","COVID-19 in der Eigenanamnese, nicht näher bezeichnet","f","(41,50]",4
"23","260123451-Airolo","U08.9 U09.9!","COVID-19 in der Eigenanamnese, nicht näher bezeichnet","f","(51,60]",2
"24","260123451-Airolo","U08.9 U09.9!","COVID-19 in der Eigenanamnese, nicht näher bezeichnet","f","(61,70]",2
"25","260123451-Airolo","U08.9 U09.9!","COVID-19 in der Eigenanamnese, nicht näher bezeichnet","f","(71,80]",8
"26","260123451-Airolo","U08.9 U09.9!","COVID-19 in der Eigenanamnese, nicht näher bezeichnet","f","(81,90]",7
"27","260123451-Airolo","U08.9 U09.9!","COVID-19 in der Eigenanamnese, nicht näher bezeichnet","f","(91,999]",2
"28","260123451-Airolo","U08.9 U09.9!","COVID-19 in der Eigenanamnese, nicht näher bezeichnet","m","(1,10]",1
"29","260123451-Airolo","U08.9 U09.9!","COVID-19 in der Eigenanamnese, nicht näher bezeichnet","m","(11,20]",4
"30","260123451-Airolo","U08.9 U09.9!","COVID-19 in der Eigenanamnese, nicht näher bezeichnet","m","(21,30]",3
"31","260123451-Airolo","U08.9 U09.9!","COVID-19 in der Eigenanamnese, nicht näher bezeichnet","m","(31,40]",2
"32","260123451-Airolo","U08.9 U09.9!","COVID-19 in der Eigenanamnese, nicht näher bezeichnet","m","(41,50]",1
"33","260123451-Airolo","U08.9 U09.9!","COVID-19 in der Eigenanamnese, nicht näher bezeichnet","m","(51,60]",6
"34","260123451-Airolo","U08.9 U09.9!","COVID-19 in der Eigenanamnese, nicht näher bezeichnet","m","(61,70]",7
"35","260123451-Airolo","U08.9 U09.9!","COVID-19 in der Eigenanamnese, nicht näher bezeichnet","m","(71,80]",10
"36","260123451-Airolo","U08.9 U09.9!","COVID-19 in der Eigenanamnese, nicht näher bezeichnet","m","(81,90]",4
"37","260123452-Bapu","J12.8 U07.1!","Pneumonie durch sonstige Viren","f","(1,10]",7
"38","260123452-Bapu","J12.8 U07.1!","Pneumonie durch sonstige Viren","f","(11,20]",7
"39","260123452-Bapu","J12.8 U07.1!","Pneumonie durch sonstige Viren","f","(21,30]",11
"40","260123452-Bapu","J12.8 U07.1!","Pneumonie durch sonstige Viren","f","(31,40]",12
"41","260123452-Bapu","J12.8 U07.1!","Pneumonie durch sonstige Viren","f","(41,50]",15
"42","260123452-Bapu","J12.8 U07.1!","Pneumonie durch sonstige Viren","f","(51,60]",17
"43","260123452-Bapu","J12.8 U07.1!","Pneumonie durch sonstige Viren","f","(61,70]",18
"44","260123452-Bapu","J12.8 U07.1!","Pneumonie durch sonstige Viren","f","(71,80]",23
"45","260123452-Bapu","J12.8 U07.1!","Pneumonie durch sonstige Viren","f","(81,90]",9
"46","260123452-Bapu","J12.8 U07.1!","Pneumonie durch sonstige Viren","f","(91,999]",2
"47","260123452-Bapu","J12.8 U07.1!","Pneumonie durch sonstige Viren","m","(1,10]",6
"48","260123452-Bapu","J12.8 U07.1!","Pneumonie durch sonstige Viren","m","(11,20]",4
"49","260123452-Bapu","J12.8 U07.1!","Pneumonie durch sonstige Viren","m","(21,30]",4
"50","260123452-Bapu","J12.8 U07.1!","Pneumonie durch sonstige Viren","m","(31,40]",9
"51","260123452-Bapu","J12.8 U07.1!","Pneumonie durch sonstige Viren","m","(41,50]",5
"52","260123452-Bapu","J12.8 U07.1!","Pneumonie durch sonstige Viren","m","(51,60]",11
"53","260123452-Bapu","J12.8 U07.1!","Pneumonie durch sonstige Viren","m","(61,70]",17
"54","260123452-Bapu","J12.8 U07.1!","Pneumonie durch sonstige Viren","m","(71,80]",19
"55","260123452-Bapu","J12.8 U07.1!","Pneumonie durch sonstige Viren","m","(81,90]",5
"56","260123452-Bapu","U08.9 U09.9!","COVID-19 in der Eigenanamnese, nicht näher bezeichnet","f","(1,10]",3
"57","260123452-Bapu","U08.9 U09.9!","COVID-19 in der Eigenanamnese, nicht näher bezeichnet","f","(11,20]",5
"58","260123452-Bapu","U08.9 U09.9!","COVID-19 in der Eigenanamnese, nicht näher bezeichnet","f","(21,30]",4
"59","260123452-Bapu","U08.9 U09.9!","COVID-19 in der Eigenanamnese, nicht näher bezeichnet","f","(31,40]",2
"60","260123452-Bapu","U08.9 U09.9!","COVID-19 in der Eigenanamnese, nicht näher bezeichnet","f","(41,50]",7
"61","260123452-Bapu","U08.9 U09.9!","COVID-19 in der Eigenanamnese, nicht näher bezeichnet","f","(51,60]",3
"62","260123452-Bapu","U08.9 U09.9!","COVID-19 in der Eigenanamnese, nicht näher bezeichnet","f","(61,70]",4
"63","260123452-Bapu","U08.9 U09.9!","COVID-19 in der Eigenanamnese, nicht näher bezeichnet","f","(71,80]",6
"64","260123452-Bapu","U08.9 U09.9!","COVID-19 in der Eigenanamnese, nicht näher bezeichnet","f","(81,90]",4
"65","260123452-Bapu","U08.9 U09.9!","COVID-19 in der Eigenanamnese, nicht näher bezeichnet","f","(91,999]",2
"66","260123452-Bapu","U08.9 U09.9!","COVID-19 in der Eigenanamnese, nicht näher bezeichnet","m","(1,10]",6
"67","260123452-Bapu","U08.9 U09.9!","COVID-19 in der Eigenanamnese, nicht näher bezeichnet","m","(21,30]",2
"68","260123452-Bapu","U08.9 U09.9!","COVID-19 in der Eigenanamnese, nicht näher bezeichnet","m","(31,40]",1
"69","260123452-Bapu","U08.9 U09.9!","COVID-19 in der Eigenanamnese, nicht näher bezeichnet","m","(41,50]",8
"70","260123452-Bapu","U08.9 U09.9!","COVID-19 in der Eigenanamnese, nicht näher bezeichnet","m","(51,60]",7
"71","260123452-Bapu","U08.9 U09.9!","COVID-19 in der Eigenanamnese, nicht näher bezeichnet","m","(61,70]",10
"72","260123452-Bapu","U08.9 U09.9!","COVID-19 in der Eigenanamnese, nicht näher bezeichnet","m","(71,80]",7
"73","260123452-Bapu","U08.9 U09.9!","COVID-19 in der Eigenanamnese, nicht näher bezeichnet","m","(81,90]",3
"74","260123453-Cynthia","J12.8 U07.1!","Pneumonie durch sonstige Viren","f","(1,10]",4
"75","260123453-Cynthia","J12.8 U07.1!","Pneumonie durch sonstige Viren","f","(11,20]",5
"76","260123453-Cynthia","J12.8 U07.1!","Pneumonie durch sonstige Viren","f","(21,30]",11
"77","260123453-Cynthia","J12.8 U07.1!","Pneumonie durch sonstige Viren","f","(31,40]",8
"78","260123453-Cynthia","J12.8 U07.1!","Pneumonie durch sonstige Viren","f","(41,50]",11
"79","260123453-Cynthia","J12.8 U07.1!","Pneumonie durch sonstige Viren","f","(51,60]",12
"80","260123453-Cynthia","J12.8 U07.1!","Pneumonie durch sonstige Viren","f","(61,70]",12
"81","260123453-Cynthia","J12.8 U07.1!","Pneumonie durch sonstige Viren","f","(71,80]",22
"82","260123453-Cynthia","J12.8 U07.1!","Pneumonie durch sonstige Viren","f","(81,90]",13
"83","260123453-Cynthia","J12.8 U07.1!","Pneumonie durch sonstige Viren","f","(91,999]",4
"84","260123453-Cynthia","J12.8 U07.1!","Pneumonie durch sonstige Viren","m","(1,10]",5
"85","260123453-Cynthia","J12.8 U07.1!","Pneumonie durch sonstige Viren","m","(11,20]",5
"86","260123453-Cynthia","J12.8 U07.1!","Pneumonie durch sonstige Viren","m","(21,30]",2
"87","260123453-Cynthia","J12.8 U07.1!","Pneumonie durch sonstige Viren","m","(31,40]",7
"88","260123453-Cynthia","J12.8 U07.1!","Pneumonie durch sonstige Viren","m","(41,50]",14
"89","260123453-Cynthia","J12.8 U07.1!","Pneumonie durch sonstige Viren","m","(51,60]",19
"90","260123453-Cynthia","J12.8 U07.1!","Pneumonie durch sonstige Viren","m","(61,70]",19
"91","260123453-Cynthia","J12.8 U07.1!","Pneumonie durch sonstige Viren","m","(71,80]",23
"92","260123453-Cynthia","J12.8 U07.1!","Pneumonie durch sonstige Viren","m","(81,90]",4
"93","260123453-Cynthia","U08.9 U09.9!","COVID-19 in der Eigenanamnese, nicht näher bezeichnet","f","(11,20]",1
"94","260123453-Cynthia","U08.9 U09.9!","COVID-19 in der Eigenanamnese, nicht näher bezeichnet","f","(21,30]",2
"95","260123453-Cynthia","U08.9 U09.9!","COVID-19 in der Eigenanamnese, nicht näher bezeichnet","f","(31,40]",2
"96","260123453-Cynthia","U08.9 U09.9!","COVID-19 in der Eigenanamnese, nicht näher bezeichnet","f","(41,50]",3
"97","260123453-Cynthia","U08.9 U09.9!","COVID-19 in der Eigenanamnese, nicht näher bezeichnet","f","(51,60]",2
"98","260123453-Cynthia","U08.9 U09.9!","COVID-19 in der Eigenanamnese, nicht näher bezeichnet","f","(61,70]",5
"99","260123453-Cynthia","U08.9 U09.9!","COVID-19 in der Eigenanamnese, nicht näher bezeichnet","f","(71,80]",3
"100","260123453-Cynthia","U08.9 U09.9!","COVID-19 in der Eigenanamnese, nicht näher bezeichnet","m","(1,10]",3
"101","260123453-Cynthia","U08.9 U09.9!","COVID-19 in der Eigenanamnese, nicht näher bezeichnet","m","(11,20]",2
"102","260123453-Cynthia","U08.9 U09.9!","COVID-19 in der Eigenanamnese, nicht näher bezeichnet","m","(21,30]",3
"103","260123453-Cynthia","U08.9 U09.9!","COVID-19 in der Eigenanamnese, nicht näher bezeichnet","m","(31,40]",1
"104","260123453-Cynthia","U08.9 U09.9!","COVID-19 in der Eigenanamnese, nicht näher bezeichnet","m","(41,50]",4
"105","260123453-Cynthia","U08.9 U09.9!","COVID-19 in der Eigenanamnese, nicht näher bezeichnet","m","(51,60]",4
"106","260123453-Cynthia","U08.9 U09.9!","COVID-19 in der Eigenanamnese, nicht näher bezeichnet","m","(61,70]",10
"107","260123453-Cynthia","U08.9 U09.9!","COVID-19 in der Eigenanamnese, nicht näher bezeichnet","m","(71,80]",9
"108","260123453-Cynthia","U08.9 U09.9!","COVID-19 in der Eigenanamnese, nicht näher bezeichnet","m","(81,90]",3
