Kreis;PLZ
00;10178
00;20038
01;06844
01;24937
01;27749
01;38100
02;06108
02;24103
02;26721
02;38226
03;18055
03;23539
03;26105
03;38440
03;39104
04;19053
04;24534
04;49074
05;26382
11;09111
11;28195
11;33602
11;34117
11;40213
11;44787
11;54290
11;56068
11;64283
11;67227
11;70173
11;76530
11;79098
12;01067
12;27576
12;46236
12;47051
12;60311
12;67657
12;76133
13;04109
13;44135
13;45121
13;45879
13;63065
13;76829
14;47798
14;53111
14;58095
14;65183
14;67059
15;48143
15;50667
15;55116
15;59065
15;68753
15;68794
15;71032
15;71063
15;71083
15;71088
15;71093
15;71101
15;71106
15;71111
15;71116
15;71120
15;71126
15;71131
15;71134
15;71139
15;71144
15;71149
15;71154
15;71155
15;71157
15;71159
15;71229
15;71263
15;71272
15;71277
15;71287
15;72124
15;72141
15;72525
15;72525
15;72531
15;72532
15;72534
15;72537
15;72539
15;72555
15;72574
15;72581
15;72582
15;72584
15;72585
15;72587
15;72661
15;72764
15;72793
15;72800
15;72805
15;72813
15;72818
15;72820
15;72827
15;72829
15;75015
15;75038
15;75045
15;75053
15;75056
15;75057
15;75059
15;75392
15;76275
15;76287
15;76297
15;76307
15;76316
15;76327
15;76337
15;76344
15;76351
15;76356
15;76359
15;76646
15;76661
15;76669
15;76676
15;76684
15;76689
15;76694
15;76698
15;76703
15;76706
15;76707
15;76709
15;79189
15;79194
15;79194
15;79199
15;79206
15;79219
15;79224
15;79227
15;79232
15;79235
15;79238
15;79241
15;79244
15;79249
15;79252
15;79254
15;79256
15;79258
15;79268
15;79271
15;79274
15;79280
15;79282
15;79283
15;79285
15;79286
15;79288
15;79289
15;79291
15;79292
15;79294
15;79295
15;79299
15;79356
15;79379
15;79395
15;79410
15;79423
15;79424
15;79426
15;79427
15;79822
15;79843
15;79853
15;79856
15;79859
15;79868
15;79871
15;79874
15;79877
15;88529
16;41061
16;44623
16;51373
16;67433
16;70771
16;70794
16;72070
16;72108
16;72116
16;72119
16;72127
16;72131
16;72135
16;72138
16;72144
16;72145
16;72147
16;72149
16;72181
16;72411
16;72622
16;72631
16;72636
16;72639
16;72644
16;72649
16;72654
16;72655
16;72657
16;72658
16;72660
16;72663
16;72664
16;72666
16;72667
16;72669
16;72810
16;73207
16;73230
16;73235
16;73240
16;73249
16;73252
16;73257
16;73262
16;73265
16;73266
16;73268
16;73269
16;73271
16;73272
16;73274
16;73275
16;73277
16;73666
16;73669
16;73728
16;73760
16;73765
16;73770
16;73773
16;73776
16;73779
16;76437
16;76448
16;76456
16;76461
16;76467
16;76470
16;76473
16;76474
16;76476
16;76477
16;76479
16;76547
16;76549
16;76571
16;76593
16;76596
16;76597
16;76599
16;77815
16;77830
16;77833
16;77836
16;77839
16;79183
16;79211
16;79215
16;79215
16;79261
16;79263
16;79276
16;79279
16;79297
16;79312
16;79331
16;79336
16;79341
16;79346
16;79348
16;79350
16;79353
16;79359
16;79361
16;79362
16;79364
16;79365
16;79367
16;79369
17;45468
17;66953
17;72336
17;72348
17;72351
17;72355
17;72356
17;72358
17;72359
17;72361
17;72362
17;72364
17;72365
17;72367
17;72369
17;72379
17;72393
17;72401
17;72406
17;72414
17;72415
17;72417
17;72458
17;72469
17;72474
17;72475
17;72479
17;73033
17;73054
17;73061
17;73066
17;73072
17;73079
17;73084
17;73087
17;73092
17;73095
17;73098
17;73099
17;73101
17;73102
17;73104
17;73105
17;73107
17;73108
17;73110
17;73111
17;73113
17;73114
17;73116
17;73117
17;73119
17;73278
17;73312
17;73326
17;73329
17;73333
17;73337
17;73342
17;73344
17;73345
17;73345
17;73347
17;73349
17;77652
17;77694
17;77704
17;77709
17;77709
17;77716
17;77716
17;77716
17;77723
17;77728
17;77731
17;77736
17;77740
17;77743
17;77746
17;77749
17;77756
17;77767
17;77770
17;77781
17;77784
17;77787
17;77790
17;77791
17;77793
17;77794
17;77796
17;77797
17;77799
17;77855
17;77866
17;77871
17;77876
17;77880
17;77883
17;77886
17;77887
17;77889
17;77933
17;77948
17;77955
17;77960
17;77963
17;77966
17;77971
17;77972
17;77974
17;77975
17;77977
17;77978
17;78132
17;89558
18;67346
18;70806
18;70825
18;70839
18;71254
18;71282
18;71563
18;71638
18;71665
18;71672
18;71679
18;71686
18;71691
18;71696
18;71701
18;71706
18;71711
18;71711
18;71720
18;71723
18;71726
18;71729
18;71732
18;71735
18;71739
18;74321
18;74343
18;74354
18;74357
18;74366
18;74369
18;74372
18;74376
18;74379
18;74385
18;74391
18;74392
18;74394
18;74395
18;74399
19;46045
19;67547
19;70734
19;71332
19;71364
19;71384
19;71394
19;71397
19;71404
19;71409
19;71522
19;71540
19;71546
19;71549
19;71554
19;71560
19;71566
19;71570
19;71573
19;71576
19;71577
19;71579
19;71737
19;73553
19;73614
19;73630
19;73635
19;73642
19;73650
19;73655
19;73660
19;73663
19;73667
20;42853
20;66482
21;08280
21;08289
21;08294
21;08297
21;08304
21;08309
21;08315
21;08321
21;08324
21;08328
21;08340
21;08344
21;08349
21;08352
21;08359
21;09221
21;09235
21;09366
21;09366
21;09376
21;09380
21;09385
21;09387
21;09390
21;09392
21;09394
21;09399
21;09405
21;09405
21;09419
21;09423
21;09427
21;09429
21;09430
21;09432
21;09437
21;09439
21;09456
21;09456
21;09465
21;09468
21;09468
21;09471
21;09471
21;09474
21;09477
21;09481
21;09481
21;09484
21;09487
21;09488
21;09496
21;09514
21;09518
21;09526
21;09526
21;09548
21;09548
21;09579
21;69117
21;74072
21;89073
22;04703
22;04720
22;04720
22;04720
22;04736
22;04741
22;04746
22;04749
22;09217
22;09232
22;09236
22;09241
22;09244
22;09249
22;09306
22;09306
22;09306
22;09306
22;09306
22;09306
22;09306
22;09322
22;09326
22;09328
22;09544
22;09557
22;09569
22;09573
22;09573
22;09575
22;09577
22;09599
22;09600
22;09600
22;09603
22;09618
22;09618
22;09619
22;09619
22;09619
22;09623
22;09623
22;09627
22;09629
22;09633
22;09638
22;09648
22;09648
22;09648
22;09661
22;09661
22;09661
22;09669
22;42651
22;68159
23;07952
23;07985
23;08209
23;08223
23;08223
23;08223
23;08223
23;08228
23;08233
23;08236
23;08237
23;08239
23;08248
23;08258
23;08261
23;08261
23;08262
23;08468
23;08468
23;08485
23;08491
23;08491
23;08496
23;08523
23;08538
23;08539
23;08541
23;08541
23;08543
23;08606
23;08606
23;08606
23;08606
23;08626
23;08626
23;08645
23;08648
24;08056
24;08107
24;08107
24;08112
24;08115
24;08118
24;08132
24;08134
24;08134
24;08141
24;08144
24;08147
24;08371
24;08373
24;08393
24;08393
24;08393
24;08396
24;08396
24;08412
24;08427
24;08428
24;08451
24;08459
24;09212
24;09243
24;09337
24;09337
24;09337
24;09350
24;09353
24;09355
24;09356
24;42275
25;01454
25;01454
25;01458
25;01477
25;01877
25;01877
25;01877
25;01877
25;01896
25;01896
25;01896
25;01900
25;01904
25;01904
25;01906
25;01909
25;01909
25;01917
25;01920
25;01920
25;01920
25;01920
25;01920
25;01920
25;01920
25;01920
25;01920
25;01936
25;01936
25;01936
25;01936
25;01936
25;02625
25;02627
25;02627
25;02627
25;02627
25;02633
25;02681
25;02681
25;02689
25;02692
25;02692
25;02692
25;02694
25;02694
25;02699
25;02699
25;02699
25;02733
25;02977
25;02979
25;02979
25;02991
25;02994
25;02997
25;02999
25;69427
25;69429
25;69437
25;69439
25;71543
25;71717
25;72172
25;72175
25;72189
25;72535
25;72589
25;73340
25;74172
25;74177
25;74182
25;74189
25;74193
25;74196
25;74199
25;74206
25;74211
25;74219
25;74223
25;74226
25;74229
25;74232
25;74235
25;74239
25;74243
25;74245
25;74246
25;74248
25;74249
25;74251
25;74252
25;74254
25;74255
25;74257
25;74259
25;74336
25;74348
25;74360
25;74363
25;74374
25;74382
25;74388
25;74389
25;74397
25;74706
25;74722
25;74731
25;74736
25;74740
25;74743
25;74746
25;74747
25;74749
25;74821
25;74831
25;74834
25;74838
25;74842
25;74847
25;74850
25;74855
25;74858
25;74861
25;74862
25;74864
25;74865
25;74867
25;74869
25;74906
25;74912
25;74928
25;74930
25;74936
25;75031
25;75050
25;77761
25;77773
25;78628
25;78652
25;78655
25;78658
25;78661
25;78662
25;78664
25;78667
25;78669
25;78713
25;78727
25;78730
25;78733
25;78736
25;78737
25;78739
25;88481
25;88499
25;89129
25;89129
25;89129
25;89129
25;89134
25;89143
25;89150
25;89155
25;89160
25;89165
25;89171
25;89173
25;89174
25;89176
25;89177
25;89177
25;89179
25;89180
25;89182
25;89183
25;89183
25;89185
25;89186
25;89188
25;89189
25;89191
25;89192
25;89194
25;89195
25;89197
25;89198
25;89584
25;89584
25;89597
25;89597
25;89597
25;89601
25;89604
25;89605
25;89607
25;89608
25;89610
25;89611
25;89611
25;89613
25;89613
25;89614
25;89616
25;89617
25;89619
26;02708
26;02708
26;02708
26;02708
26;02708
26;02708
26;02730
26;02736
26;02736
26;02739
26;02742
26;02747
26;02748
26;02763
26;02763
26;02763
26;02779
26;02779
26;02782
26;02785
26;02791
26;02794
26;02796
26;02797
26;02826
26;02829
26;02829
26;02829
26;02829
26;02894
26;02894
26;02899
26;02899
26;02906
26;02906
26;02906
26;02906
26;02906
26;02906
26;02923
26;02923
26;02923
26;02929
26;02943
26;02943
26;02953
26;02953
26;02956
26;02957
26;02957
26;02959
26;02959
26;02959
26;68526
26;68535
26;68542
26;68549
26;68723
26;68723
26;68723
26;68766
26;68775
26;68782
26;68789
26;68799
26;68804
26;68809
26;69151
26;69168
26;69181
26;69190
26;69198
26;69207
26;69214
26;69221
26;69226
26;69231
26;69234
26;69242
26;69245
26;69250
26;69251
26;69253
26;69254
26;69256
26;69257
26;69259
26;69412
26;69434
26;69436
26;69469
26;69493
26;69502
26;69514
26;74214
26;74238
26;74613
26;74626
26;74629
26;74632
26;74635
26;74638
26;74639
26;74653
26;74653
26;74670
26;74673
26;74676
26;74677
26;74679
26;74889
26;74909
26;74915
26;74918
26;74921
26;74924
26;74925
26;74927
26;74931
26;74933
26;74934
26;74937
26;74939
26;78050
26;78073
26;78078
26;78083
26;78086
26;78087
26;78089
26;78098
26;78112
26;78120
26;78126
26;78136
26;78141
26;78147
26;78148
26;78166
26;78176
26;78183
26;78199
26;78609
26;88348
26;88400
26;88416
26;88416
26;88416
26;88422
26;88422
26;88422
26;88422
26;88422
26;88422
26;88422
26;88422
26;88422
26;88427
26;88430
26;88433
26;88436
26;88437
26;88441
26;88444
26;88447
26;88448
26;88450
26;88451
26;88453
26;88454
26;88456
26;88457
26;88459
26;88471
26;88477
26;88480
26;88483
26;88484
26;88486
26;88487
26;88489
26;88499
26;88499
26;88515
26;88521
26;88524
26;88525
26;88527
27;01445
27;01468
27;01471
27;01558
27;01561
27;01561
27;01561
27;01561
27;01561
27;01589
27;01594
27;01594
27;01609
27;01609
27;01609
27;01612
27;01612
27;01616
27;01619
27;01623
27;01640
27;01662
27;01665
27;01665
27;01665
27;01683
27;01689
27;01689
27;74405
27;74420
27;74423
27;74424
27;74426
27;74427
27;74429
27;74523
27;74532
27;74535
27;74538
27;74541
27;74542
27;74544
27;74545
27;74547
27;74549
27;74564
27;74572
27;74575
27;74579
27;74582
27;74585
27;74586
27;74589
27;74592
27;74594
27;74595
27;74597
27;74599
27;78187
27;78194
27;78532
27;78549
27;78554
27;78559
27;78564
27;78564
27;78567
27;78570
27;78573
27;78576
27;78579
27;78580
27;78582
27;78583
27;78585
27;78586
27;78588
27;78589
27;78591
27;78592
27;78594
27;78595
27;78597
27;78598
27;78600
27;78601
27;78603
27;78604
27;78606
27;78607
27;78647
27;78665
27;88637
28;01705
28;01723
28;01728
28;01731
28;01734
28;01737
28;01738
28;01744
28;01762
28;01768
28;01773
28;01774
28;01776
28;01796
28;01796
28;01796
28;01809
28;01809
28;01809
28;01814
28;01814
28;01814
28;01816
28;01819
28;01824
28;01824
28;01824
28;01824
28;01825
28;01829
28;01833
28;01833
28;01844
28;01847
28;01848
28;01855
28;74744
28;97877
28;97896
28;97900
28;97922
28;97941
28;97944
28;97947
28;97950
28;97953
28;97956
28;97957
28;97959
28;97980
28;97990
28;97993
28;97996
28;97999
29;04416
29;04420
29;04442
29;04451
29;04463
29;04523
29;04523
29;04539
29;04552
29;04564
29;04565
29;04567
29;04571
29;04575
29;04643
29;04651
29;04654
29;04668
29;04668
29;04668
29;04680
29;04683
29;04683
29;04687
29;04808
29;04808
29;04808
29;04821
29;04827
29;04828
30;04425
30;04435
30;04509
30;04509
30;04509
30;04509
30;04509
30;04519
30;04758
30;04758
30;04758
30;04769
30;04769
30;04774
30;04779
30;04838
30;04838
30;04838
30;04838
30;04838
30;04849
30;04860
30;04860
30;04862
30;04874
30;04880
30;04880
30;04880
30;04886
30;04886
31;35305
31;35321
31;35390
31;35410
31;35415
31;35418
31;35423
31;35428
31;35435
31;35440
31;35444
31;35447
31;35452
31;35457
31;35460
31;35463
31;35466
31;35469
31;36037
31;36088
31;36093
31;36100
31;36103
31;36115
31;36115
31;36119
31;36124
31;36129
31;36132
31;36137
31;36142
31;36145
31;36148
31;36151
31;36154
31;36157
31;36160
31;36163
31;36167
31;36169
31;36364
31;53424
31;53426
31;53426
31;53426
31;53474
31;53489
31;53498
31;53498
31;53498
31;53501
31;53505
31;53505
31;53505
31;53505
31;53505
31;53506
31;53506
31;53506
31;53506
31;53506
31;53507
31;53508
31;53518
31;53518
31;53518
31;53518
31;53518
31;53518
31;53518
31;53518
31;53518
31;53520
31;53520
31;53520
31;53520
31;53520
31;53520
31;53520
31;53520
31;53520
31;53520
31;53520
31;53520
31;53520
31;53520
31;53520
31;53520
31;53520
31;53533
31;53533
31;53533
31;53533
31;53533
31;53533
31;53534
31;53534
31;53534
31;53534
31;53534
31;54347
31;54411
31;54411
31;54424
31;54424
31;54424
31;54424
31;54424
31;54426
31;54426
31;54426
31;54426
31;54426
31;54426
31;54426
31;54426
31;54426
31;54426
31;54426
31;54426
31;54426
31;54470
31;54470
31;54470
31;54470
31;54470
31;54472
31;54472
31;54472
31;54472
31;54472
31;54472
31;54472
31;54483
31;54484
31;54486
31;54487
31;54492
31;54492
31;54497
31;54497
31;54498
31;54516
31;54516
31;54516
31;54516
31;54518
31;54518
31;54518
31;54518
31;54518
31;54518
31;54518
31;54518
31;54518
31;54518
31;54518
31;54518
31;54518
31;54518
31;54518
31;54518
31;54518
31;54518
31;54518
31;54518
31;54523
31;54523
31;54524
31;54526
31;54528
31;54531
31;54531
31;54531
31;54531
31;54533
31;54533
31;54533
31;54533
31;54533
31;54533
31;54533
31;54533
31;54533
31;54533
31;54533
31;54533
31;54533
31;54534
31;54534
31;54534
31;54534
31;54536
31;54538
31;54538
31;54538
31;54538
31;54538
31;54539
31;55232
31;55232
31;55234
31;55234
31;55234
31;55234
31;55234
31;55234
31;55234
31;55234
31;55234
31;55234
31;55234
31;55234
31;55234
31;55234
31;55234
31;55234
31;55234
31;55234
31;55234
31;55234
31;55234
31;55234
31;55234
31;55237
31;55237
31;55237
31;55239
31;55286
31;55286
31;55288
31;55288
31;55288
31;55288
31;55288
31;55288
31;55291
31;55578
31;55578
31;55578
31;55597
31;55597
31;55599
31;55599
31;55599
31;55599
31;55599
31;56651
31;56651
31;56651
31;56651
31;56651
31;56651
31;56653
31;56653
31;56653
31;56656
31;56659
31;56745
31;56746
31;56746
31;56746
31;56841
31;56841
31;56841
31;56843
31;56843
31;56843
31;56843
31;56861
31;64625
31;64646
31;64653
31;64658
31;64668
31;64673
31;64678
31;64683
31;64686
31;64689
31;67294
31;67574
31;67575
31;67577
31;67578
31;67580
31;67582
31;67590
31;67591
31;67591
31;67591
31;67591
31;67591
31;67592
31;67593
31;67593
31;67595
31;67596
31;67596
31;67598
31;67599
31;68519
31;68623
31;68642
31;68647
31;68649
31;69239
31;69434
31;69483
31;69488
31;69509
31;69517
31;69518
31;75175
32;35578
32;35606
32;35614
32;35619
32;35625
32;35630
32;35633
32;35638
32;35641
32;35644
32;35647
32;35649
32;35683
32;35708
32;35713
32;35716
32;35745
32;35753
32;35756
32;35759
32;35764
32;35767
32;35768
32;36166
32;36179
32;36199
32;36208
32;36211
32;36214
32;36217
32;36219
32;36251
32;36251
32;36266
32;36269
32;36272
32;36275
32;36277
32;36282
32;36284
32;36286
32;36287
32;36289
32;54298
32;54298
32;54298
32;54310
32;54310
32;54529
32;54533
32;54533
32;54595
32;54595
32;54595
32;54595
32;54595
32;54595
32;54597
32;54597
32;54597
32;54597
32;54597
32;54597
32;54597
32;54597
32;54597
32;54597
32;54597
32;54597
32;54597
32;54597
32;54597
32;54597
32;54597
32;54597
32;54597
32;54597
32;54597
32;54597
32;54597
32;54597
32;54597
32;54597
32;54597
32;54608
32;54608
32;54608
32;54608
32;54608
32;54608
32;54608
32;54608
32;54610
32;54612
32;54612
32;54612
32;54614
32;54614
32;54614
32;54614
32;54614
32;54614
32;54614
32;54614
32;54616
32;54617
32;54617
32;54617
32;54619
32;54619
32;54619
32;54619
32;54619
32;54619
32;54619
32;54619
32;54619
32;54619
32;54619
32;54634
32;54634
32;54634
32;54634
32;54634
32;54634
32;54634
32;54636
32;54636
32;54636
32;54636
32;54636
32;54636
32;54636
32;54636
32;54636
32;54636
32;54636
32;54636
32;54636
32;54636
32;54636
32;54636
32;54636
32;54636
32;54636
32;54636
32;54636
32;54636
32;54636
32;54636
32;54636
32;54636
32;54636
32;54636
32;54636
32;54636
32;54636
32;54636
32;54636
32;54636
32;54636
32;54636
32;54636
32;54636
32;54646
32;54646
32;54646
32;54646
32;54646
32;54646
32;54646
32;54646
32;54647
32;54647
32;54647
32;54649
32;54649
32;54649
32;54649
32;54649
32;54649
32;54649
32;54649
32;54649
32;54655
32;54655
32;54655
32;54655
32;54655
32;54655
32;54655
32;54655
32;54655
32;54655
32;54655
32;54655
32;54657
32;54657
32;54657
32;54662
32;54662
32;54662
32;54662
32;54664
32;54664
32;54664
32;54666
32;54668
32;54668
32;54668
32;54668
32;54668
32;54668
32;54668
32;54668
32;54668
32;54673
32;54673
32;54673
32;54673
32;54673
32;54673
32;54673
32;54673
32;54673
32;54673
32;54673
32;54673
32;54673
32;54673
32;54673
32;54673
32;54673
32;54673
32;54673
32;54673
32;54673
32;54673
32;54673
32;54673
32;54673
32;54673
32;54673
32;54673
32;54675
32;54675
32;54675
32;54675
32;54675
32;54675
32;54675
32;54675
32;54675
32;54675
32;54675
32;54675
32;54675
32;54675
32;54675
32;54675
32;54675
32;54675
32;54675
32;54687
32;54687
32;54687
32;54687
32;54687
32;54689
32;54689
32;54689
32;54689
32;54689
32;54689
32;54689
32;54689
32;54689
32;56472
32;56593
32;56593
32;56593
32;56593
32;56593
32;56593
32;56593
32;56594
32;57518
32;57518
32;57518
32;57520
32;57520
32;57520
32;57520
32;57520
32;57520
32;57520
32;57520
32;57520
32;57520
32;57520
32;57520
32;57537
32;57537
32;57537
32;57537
32;57537
32;57539
32;57539
32;57539
32;57548
32;57548
32;57555
32;57555
32;57562
32;57567
32;57572
32;57572
32;57577
32;57577
32;57577
32;57577
32;57577
32;57578
32;57580
32;57580
32;57580
32;57581
32;57583
32;57584
32;57584
32;57586
32;57587
32;57589
32;57589
32;57589
32;57610
32;57610
32;57610
32;57610
32;57610
32;57610
32;57610
32;57610
32;57612
32;57612
32;57612
32;57612
32;57612
32;57612
32;57612
32;57612
32;57612
32;57612
32;57612
32;57612
32;57612
32;57612
32;57614
32;57614
32;57614
32;57614
32;57629
32;57632
32;57632
32;57632
32;57632
32;57632
32;57632
32;57632
32;57632
32;57632
32;57632
32;57632
32;57632
32;57632
32;57632
32;57632
32;57635
32;57635
32;57635
32;57635
32;57635
32;57635
32;57635
32;57635
32;57635
32;57635
32;57635
32;57635
32;57635
32;57636
32;57636
32;57638
32;57638
32;57641
32;64319
32;64331
32;64342
32;64347
32;64354
32;64367
32;64372
32;64380
32;64390
32;64397
32;64401
32;64404
32;64405
32;64409
32;64665
32;64807
32;64823
32;64832
32;64839
32;64846
32;64850
32;64853
32;64859
32;67098
32;67146
32;67147
32;67149
32;67150
32;67152
32;67157
32;67158
32;67159
32;67161
32;67167
32;67229
32;67229
32;67229
32;67246
32;67251
32;67251
32;67256
32;67269
32;67269
32;67269
32;67271
32;67271
32;67271
32;67271
32;67271
32;67271
32;67273
32;67273
32;67273
32;67273
32;67278
32;67280
32;67280
32;67281
32;67281
32;67283
32;67310
32;67311
32;67316
32;67454
32;67466
32;67466
32;67468
32;67468
32;67471
32;67473
32;67475
33;34225
33;34233
33;34246
33;34253
33;34260
33;34266
33;34270
33;34277
33;34289
33;34292
33;34298
33;34308
33;34311
33;34314
33;34317
33;34320
33;34329
33;34359
33;34369
33;34376
33;34379
33;34385
33;34388
33;34393
33;34396
33;34399
33;34466
33;34479
33;35781
33;35789
33;35792
33;35794
33;35796
33;35799
33;53520
33;53539
33;53539
33;53539
33;53539
33;53539
33;53539
33;53539
33;53539
33;53539
33;54550
33;54550
33;54552
33;54552
33;54552
33;54552
33;54552
33;54552
33;54552
33;54552
33;54552
33;54552
33;54552
33;54552
33;54552
33;54552
33;54552
33;54552
33;54552
33;54552
33;54552
33;54552
33;54552
33;54552
33;54552
33;54552
33;54552
33;54558
33;54558
33;54558
33;54558
33;54558
33;54568
33;54568
33;54568
33;54570
33;54570
33;54570
33;54570
33;54570
33;54570
33;54570
33;54570
33;54570
33;54570
33;54570
33;54570
33;54570
33;54570
33;54570
33;54570
33;54570
33;54570
33;54574
33;54574
33;54576
33;54576
33;54578
33;54578
33;54578
33;54578
33;54578
33;54578
33;54578
33;54578
33;54579
33;54584
33;54584
33;54584
33;54585
33;54586
33;54587
33;54587
33;54589
33;54589
33;54597
33;54597
33;54597
33;54597
33;54611
33;54611
33;55442
33;55442
33;55442
33;55442
33;55444
33;55444
33;55444
33;55444
33;55444
33;55444
33;55450
33;55452
33;55452
33;55452
33;55452
33;55452
33;55452
33;55545
33;55546
33;55546
33;55546
33;55546
33;55546
33;55546
33;55546
33;55546
33;55559
33;55566
33;55566
33;55566
33;55566
33;55566
33;55566
33;55566
33;55568
33;55568
33;55568
33;55569
33;55569
33;55569
33;55569
33;55571
33;55576
33;55585
33;55585
33;55585
33;55585
33;55585
33;55590
33;55592
33;55592
33;55592
33;55592
33;55592
33;55593
33;55593
33;55595
33;55595
33;55595
33;55595
33;55595
33;55595
33;55595
33;55595
33;55595
33;55595
33;55595
33;55595
33;55595
33;55595
33;55595
33;55595
33;55595
33;55595
33;55595
33;55595
33;55595
33;55595
33;55595
33;55595
33;55596
33;55596
33;55596
33;55606
33;55606
33;55606
33;55606
33;55606
33;55606
33;55606
33;55606
33;55606
33;55606
33;55606
33;55606
33;55606
33;55606
33;55606
33;55608
33;55608
33;55618
33;55619
33;55627
33;55627
33;55627
33;55629
33;55629
33;55629
33;55758
33;56729
33;56766
33;56766
33;56767
33;56767
33;56767
33;56767
33;56767
33;56767
33;56767
33;56767
33;56767
33;56767
33;56767
33;56769
33;56769
33;56769
33;56769
33;64521
33;64546
33;64560
33;64569
33;64572
33;64579
33;64584
33;64589
33;65428
33;65451
33;65462
33;65468
33;65474
33;65479
33;65520
33;65549
33;65589
33;65594
33;65597
33;65599
33;65604
33;65606
33;65611
33;65614
33;65618
33;65620
33;65627
33;67292
33;67292
33;67292
33;67294
33;67294
33;67294
33;67294
33;67294
33;67294
33;67294
33;67295
33;67297
33;67304
33;67304
33;67305
33;67307
33;67308
33;67308
33;67308
33;67308
33;67308
33;67308
33;67308
33;67308
33;67308
33;67681
33;67722
33;67722
33;67722
33;67724
33;67724
33;67724
33;67724
33;67725
33;67727
33;67728
33;67729
33;67744
33;67744
33;67744
33;67759
33;67806
33;67806
33;67806
33;67806
33;67806
33;67806
33;67806
33;67806
33;67806
33;67806
33;67806
33;67806
33;67806
33;67808
33;67808
33;67808
33;67808
33;67808
33;67808
33;67808
33;67808
33;67808
33;67808
33;67811
33;67813
33;67814
33;67814
33;67816
33;67816
33;67821
33;67821
33;67822
33;67822
33;67822
33;67822
33;67822
33;67822
33;67822
33;67822
33;67823
33;67823
33;67823
33;67823
33;67824
33;67826
33;67827
33;67829
33;67829
33;67829
34;34212
34;34281
34;34286
34;34295
34;34302
34;34305
34;34323
34;34326
34;34327
34;34560
34;34576
34;34582
34;34587
34;34590
34;34593
34;34596
34;34599
34;34613
34;34621
34;34626
34;34628
34;34630
34;34632
34;34633
34;34637
34;34639
34;35037
34;35075
34;35080
34;35083
34;35085
34;35091
34;35094
34;35096
34;35102
34;35112
34;35117
34;35216
34;35232
34;35236
34;35239
34;35260
34;35274
34;35279
34;35282
34;35287
34;35288
34;35719
34;36280
34;52058
34;52134
34;52146
34;52152
34;52156
34;52159
34;52222
34;52249
34;52477
34;52499
34;54422
34;55483
34;55483
34;55608
34;55608
34;55608
34;55608
34;55624
34;55624
34;55624
34;55624
34;55624
34;55624
34;55626
34;55743
34;55743
34;55743
34;55743
34;55743
34;55756
34;55756
34;55758
34;55758
34;55758
34;55758
34;55758
34;55758
34;55758
34;55758
34;55758
34;55758
34;55758
34;55758
34;55758
34;55758
34;55758
34;55758
34;55758
34;55758
34;55758
34;55758
34;55758
34;55758
34;55758
34;55758
34;55758
34;55758
34;55758
34;55758
34;55758
34;55758
34;55758
34;55765
34;55765
34;55765
34;55765
34;55765
34;55765
34;55765
34;55765
34;55765
34;55765
34;55765
34;55765
34;55767
34;55767
34;55767
34;55767
34;55767
34;55767
34;55767
34;55767
34;55767
34;55767
34;55767
34;55767
34;55767
34;55767
34;55767
34;55767
34;55767
34;55768
34;55774
34;55774
34;55776
34;55776
34;55776
34;55776
34;55776
34;55776
34;55777
34;55777
34;55777
34;55777
34;55779
34;55779
34;61250
34;61267
34;61273
34;61276
34;61279
34;61343
34;61381
34;61389
34;61440
34;61449
34;61462
34;61476
34;61479
34;67360
34;67361
34;67363
34;67365
34;67366
34;67368
34;67378
34;76726
34;76744
34;76744
34;76751
34;76756
34;76761
34;76764
34;76767
34;76768
34;76770
34;76771
34;76773
34;76774
34;76776
34;76777
34;76779
34;76870
34;76872
34;76872
34;76872
34;76872
34;76872
34;76879
34;76879
35;34454
35;34471
35;34474
35;34477
35;34497
35;34508
35;34513
35;34516
35;34519
35;34537
35;34549
35;35066
35;35088
35;35099
35;35104
35;35108
35;35110
35;35114
35;35116
35;35119
35;35285
35;35315
35;35325
35;35327
35;35329
35;36110
35;36304
35;36318
35;36320
35;36323
35;36325
35;36326
35;36329
35;36341
35;36355
35;36358
35;36367
35;36369
35;36381
35;36391
35;36396
35;36399
35;54298
35;54298
35;54298
35;54306
35;54308
35;54309
35;54310
35;54311
35;54313
35;54314
35;54314
35;54314
35;54314
35;54314
35;54314
35;54314
35;54316
35;54316
35;54316
35;54316
35;54316
35;54316
35;54316
35;54316
35;54316
35;54317
35;54317
35;54317
35;54317
35;54317
35;54317
35;54317
35;54317
35;54317
35;54317
35;54317
35;54317
35;54318
35;54320
35;54329
35;54331
35;54331
35;54332
35;54338
35;54338
35;54340
35;54340
35;54340
35;54340
35;54340
35;54340
35;54340
35;54340
35;54340
35;54340
35;54340
35;54340
35;54341
35;54343
35;54344
35;54346
35;54349
35;54411
35;54413
35;54413
35;54413
35;54413
35;54413
35;54413
35;54413
35;54421
35;54421
35;54422
35;54422
35;54426
35;54427
35;54429
35;54429
35;54429
35;54429
35;54439
35;54439
35;54439
35;54439
35;54439
35;54441
35;54441
35;54441
35;54441
35;54441
35;54441
35;54441
35;54441
35;54441
35;54441
35;54441
35;54441
35;54450
35;54451
35;54453
35;54456
35;54456
35;54457
35;54459
35;56253
35;56254
35;56254
35;56290
35;56290
35;56754
35;56754
35;56754
35;56754
35;56754
35;56759
35;56759
35;56759
35;56759
35;56759
35;56759
35;56759
35;56759
35;56761
35;56761
35;56761
35;56761
35;56761
35;56761
35;56761
35;56761
35;56761
35;56761
35;56766
35;56766
35;56766
35;56766
35;56812
35;56812
35;56812
35;56814
35;56814
35;56814
35;56814
35;56814
35;56814
35;56814
35;56814
35;56814
35;56818
35;56820
35;56820
35;56820
35;56820
35;56821
35;56823
35;56825
35;56825
35;56825
35;56825
35;56825
35;56825
35;56826
35;56826
35;56826
35;56828
35;56829
35;56829
35;56829
35;56856
35;56856
35;56856
35;56858
35;56858
35;56858
35;56858
35;56858
35;56858
35;56858
35;56858
35;56858
35;56858
35;56858
35;56859
35;56859
35;56862
35;56864
35;56865
35;56865
35;56865
35;56865
35;56865
35;56865
35;56865
35;59969
35;61130
35;61137
35;61138
35;63450
35;63477
35;63486
35;63505
35;63517
35;63526
35;63538
35;63543
35;63546
35;63549
35;63571
35;63579
35;63584
35;63589
35;63594
35;63599
35;63607
35;63619
35;63628
35;63633
35;63636
35;63637
35;63639
35;63679
35;66849
35;66849
35;66849
35;66849
35;66849
35;66849
35;66851
35;66851
35;66851
35;66851
35;66851
35;66877
35;66877
35;66879
35;66879
35;66879
35;66879
35;66879
35;66892
35;66892
35;66892
35;66894
35;66894
35;67468
35;67677
35;67677
35;67677
35;67677
35;67678
35;67680
35;67685
35;67685
35;67685
35;67685
35;67685
35;67686
35;67691
35;67697
35;67697
35;67699
35;67699
35;67701
35;67705
35;67731
35;67732
35;67734
35;67734
35;67735
35;67737
35;67737
35;72202
35;72213
35;72218
35;72221
35;72224
35;72226
35;72227
35;72229
35;75323
35;75328
35;75335
35;75337
35;75339
35;75365
35;75378
35;75382
35;75385
35;75387
35;75389
35;75391
35;75394
35;75395
35;75397
35;75399
35;76332
35;78224
35;78234
35;78239
35;78244
35;78247
35;78250
35;78253
35;78256
35;78259
35;78262
35;78266
35;78267
35;78269
35;78315
35;78333
35;78337
35;78343
35;78345
35;78351
35;78354
35;78355
35;78357
35;78359
35;78462
35;78476
35;78479
35;88045
35;88069
35;88074
35;88079
35;88085
35;88090
35;88094
35;88097
35;88099
35;88633
35;88662
35;88677
35;88682
35;88690
35;88693
35;88696
35;88697
35;88699
35;88709
35;88709
35;88718
35;88719
35;89168
35;89522
35;89537
35;89542
35;89547
35;89551
35;89555
35;89561
35;89564
35;89567
35;89568
36;36205
36;37213
36;37235
36;37242
36;37247
36;37249
36;37269
36;37276
36;37281
36;37284
36;37287
36;37290
36;37293
36;37296
36;37297
36;37299
36;65239
36;65439
36;65719
36;65760
36;65779
36;65795
36;65812
36;65817
36;65824
36;65830
36;65835
36;65843
36;66869
36;66869
36;66869
36;66869
36;66871
36;66871
36;66871
36;66871
36;66871
36;66871
36;66871
36;66871
36;66871
36;66871
36;66871
36;66871
36;66871
36;66871
36;66879
36;66879
36;66885
36;66885
36;66887
36;66887
36;66887
36;66887
36;66887
36;66887
36;66887
36;66887
36;66887
36;66887
36;66887
36;66887
36;66887
36;66887
36;66887
36;66901
36;66901
36;66903
36;66903
36;66903
36;66903
36;66904
36;66904
36;66907
36;66907
36;66909
36;66909
36;66909
36;66909
36;66909
36;66909
36;66909
36;66909
36;66909
36;66909
36;66914
36;66916
36;66916
36;67742
36;67742
36;67742
36;67742
36;67742
36;67742
36;67742
36;67742
36;67742
36;67742
36;67744
36;67744
36;67744
36;67744
36;67744
36;67744
36;67744
36;67744
36;67745
36;67746
36;67746
36;67746
36;67748
36;67749
36;67749
36;67752
36;67752
36;67752
36;67753
36;67753
36;67753
36;67753
36;67753
36;67753
36;67754
36;67756
36;67756
36;67759
36;71292
36;71296
36;71297
36;71299
36;73430
36;73441
36;73447
36;73450
36;73453
36;73457
36;73460
36;73463
36;73466
36;73467
36;73469
36;73479
36;73485
36;73486
36;73488
36;73489
36;73491
36;73492
36;73494
36;73495
36;73497
36;73499
36;73525
36;73527
36;73540
36;73547
36;73550
36;73557
36;73560
36;73563
36;73565
36;73566
36;73568
36;73569
36;73569
36;73571
36;73572
36;73574
36;73575
36;73577
36;73579
36;74417
36;75196
36;75203
36;75210
36;75217
36;75223
36;75228
36;75233
36;75236
36;75239
36;75242
36;75245
36;75248
36;75249
36;75305
36;75331
36;75334
36;75417
36;75428
36;75433
36;75438
36;75443
36;75446
36;75447
36;75449
36;79400
36;79415
36;79418
36;79429
36;79539
36;79576
36;79585
36;79588
36;79589
36;79591
36;79592
36;79594
36;79595
36;79597
36;79599
36;79618
36;79639
36;79650
36;79669
36;79674
36;79677
36;79677
36;79677
36;79677
36;79677
36;79677
36;79677
36;79685
36;79686
36;79688
36;79689
36;79692
36;79694
36;79695
36;79739
36;88147
36;88212
36;88239
36;88250
36;88255
36;88255
36;88260
36;88263
36;88267
36;88271
36;88273
36;88276
36;88279
36;88281
36;88284
36;88285
36;88287
36;88289
36;88299
36;88316
36;88317
36;88319
36;88326
36;88339
36;88353
36;88361
36;88361
36;88361
36;88364
36;88368
36;88370
36;88371
36;88373
36;88374
36;88376
36;88377
36;88379
36;88379
36;88410
37;56170
37;56179
37;56179
37;56179
37;56182
37;56218
37;56220
37;56220
37;56220
37;56220
37;56220
37;56283
37;56294
37;56294
37;56294
37;56295
37;56295
37;56295
37;56299
37;56321
37;56322
37;56323
37;56330
37;56330
37;56330
37;56330
37;56330
37;56332
37;56332
37;56332
37;56332
37;56332
37;56332
37;56332
37;56332
37;56333
37;56575
37;56626
37;56630
37;56637
37;56642
37;56645
37;56648
37;56727
37;56727
37;56727
37;56727
37;56727
37;56729
37;56729
37;56729
37;56729
37;56729
37;56729
37;56729
37;56729
37;56729
37;56729
37;56729
37;56729
37;56729
37;56729
37;56729
37;56729
37;56729
37;56729
37;56729
37;56729
37;56729
37;56736
37;56743
37;56743
37;56745
37;56745
37;56745
37;56745
37;56751
37;56751
37;56751
37;56751
37;56751
37;56751
37;56751
37;56751
37;56753
37;56753
37;56753
37;64385
37;64395
37;64407
37;64711
37;64720
37;64732
37;64739
37;64747
37;64750
37;64753
37;64756
37;64760
37;67377
37;67480
37;67480
37;67482
37;67482
37;67482
37;67482
37;67483
37;67483
37;67487
37;67487
37;67489
37;72160
37;72178
37;72184
37;72186
37;72250
37;72270
37;72275
37;72280
37;72285
37;72290
37;72293
37;72294
37;72296
37;72297
37;72299
37;72419
37;72477
37;72488
37;72501
37;72505
37;72510
37;72511
37;72513
37;72514
37;72516
37;72517
37;72519
37;76829
37;76829
37;76829
37;76831
37;76831
37;76831
37;76831
37;76831
37;76831
37;76833
37;76833
37;76833
37;76833
37;76833
37;76835
37;76835
37;76835
37;76835
37;76835
37;76835
37;76835
37;76855
37;76855
37;76855
37;76857
37;76857
37;76857
37;76857
37;76857
37;76857
37;76857
37;76857
37;76857
37;76857
37;76863
37;76863
37;76865
37;76865
37;76872
37;76877
37;76877
37;76879
37;76879
37;76887
37;76887
37;76887
37;76887
37;76889
37;76889
37;76889
37;76889
37;76889
37;76889
37;76889
37;76889
37;76889
37;76889
37;76889
37;76889
37;76889
37;76889
37;76889
37;76889
37;77776
37;79664
37;79682
37;79713
37;79725
37;79730
37;79733
37;79736
37;79737
37;79761
37;79771
37;79774
37;79777
37;79780
37;79787
37;79790
37;79793
37;79798
37;79801
37;79802
37;79804
37;79805
37;79807
37;79809
37;79837
37;79837
37;79837
37;79848
37;79862
37;79865
37;79872
37;79875
37;79879
37;88348
37;88356
37;88367
37;88512
37;88518
37;88605
37;88605
37;88630
37;88631
37;88634
37;88636
37;88637
37;88639
38;53545
38;53545
38;53545
38;53545
38;53547
38;53547
38;53547
38;53547
38;53547
38;53547
38;53557
38;53560
38;53567
38;53567
38;53567
38;53572
38;53572
38;53578
38;53579
38;53619
38;56269
38;56269
38;56269
38;56271
38;56276
38;56276
38;56305
38;56305
38;56307
38;56307
38;56307
38;56316
38;56316
38;56316
38;56317
38;56317
38;56564
38;56579
38;56579
38;56579
38;56579
38;56581
38;56581
38;56581
38;56584
38;56584
38;56584
38;56584
38;56587
38;56587
38;56587
38;56588
38;56589
38;56598
38;56598
38;56599
38;57614
38;57614
38;57614
38;57614
38;57639
38;57639
38;63110
38;63128
38;63150
38;63165
38;63179
38;63225
38;63263
38;63303
38;63322
38;63329
38;63500
38;63512
38;63533
38;67105
38;67112
38;67117
38;67122
38;67125
38;67126
38;67127
38;67133
38;67134
38;67136
38;67141
38;67165
38;67166
38;67240
38;67245
38;67258
38;67259
38;67259
38;67259
38;67259
38;67354
38;67373
38;67374
38;67376
38;67459
39;55218
39;55257
39;55268
39;55270
39;55270
39;55270
39;55270
39;55270
39;55270
39;55270
39;55270
39;55270
39;55271
39;55276
39;55276
39;55278
39;55278
39;55278
39;55278
39;55278
39;55278
39;55278
39;55278
39;55278
39;55278
39;55278
39;55278
39;55278
39;55283
39;55294
39;55296
39;55296
39;55296
39;55299
39;55411
39;55413
39;55413
39;55413
39;55413
39;55413
39;55413
39;55422
39;55422
39;55424
39;55425
39;55435
39;55437
39;55437
39;55437
39;55437
39;55457
39;55457
39;55459
39;55459
39;55576
39;55576
39;55576
39;55576
39;55578
39;55578
39;65232
39;65307
39;65321
39;65326
39;65329
39;65343
39;65366
39;65375
39;65385
39;65388
39;65391
39;65396
39;65399
39;65510
39;65510
39;65527
39;65529
39;67583
39;67585
39;67586
39;67587
40;35510
40;35516
40;35519
40;55430
40;55430
40;55430
40;55432
40;55432
40;55469
40;55469
40;55469
40;55469
40;55469
40;55469
40;55469
40;55469
40;55469
40;55469
40;55469
40;55469
40;55469
40;55469
40;55469
40;55469
40;55469
40;55469
40;55471
40;55471
40;55471
40;55471
40;55471
40;55471
40;55471
40;55471
40;55471
40;55471
40;55481
40;55481
40;55481
40;55481
40;55481
40;55481
40;55481
40;55481
40;55481
40;55481
40;55481
40;55481
40;55481
40;55481
40;55483
40;55483
40;55483
40;55483
40;55483
40;55483
40;55483
40;55483
40;55487
40;55487
40;55487
40;55487
40;55487
40;55490
40;55490
40;55490
40;55490
40;55490
40;55490
40;55491
40;55491
40;55491
40;55494
40;55494
40;55494
40;55494
40;55494
40;55494
40;55494
40;55496
40;55497
40;55497
40;55499
40;56154
40;56281
40;56281
40;56281
40;56281
40;56281
40;56283
40;56283
40;56283
40;56283
40;56283
40;56283
40;56283
40;56288
40;56288
40;56288
40;56288
40;56288
40;56288
40;56288
40;56288
40;56288
40;56288
40;56288
40;56288
40;56288
40;56288
40;56288
40;56290
40;56290
40;56290
40;56290
40;56290
40;56291
40;56291
40;56291
40;56291
40;56291
40;56291
40;56291
40;56291
40;56291
40;56291
40;56291
40;56291
40;56291
40;56291
40;56291
40;56291
40;56291
40;56329
40;56850
40;56850
40;56858
40;56858
40;56858
40;56869
40;61118
40;61169
40;61184
40;61191
40;61194
40;61197
40;61200
40;61203
40;61206
40;61209
40;61231
40;61239
40;63654
40;63667
40;63674
40;63683
40;63688
40;63691
40;63694
40;63695
40;63697
40;63699
40;66482
40;66482
40;66482
40;66484
40;66484
40;66484
40;66484
40;66484
40;66497
40;66500
40;66500
40;66501
40;66501
40;66503
40;66504
40;66509
40;66851
40;66851
40;66894
40;66894
40;66894
40;66894
40;66894
40;66917
40;66917
40;66917
40;66919
40;66919
40;66919
40;66919
40;66919
40;66953
40;66957
40;66957
40;66957
40;66957
40;66957
40;66957
40;66957
40;66969
40;66976
40;66976
40;66976
40;66976
40;66978
40;66978
40;66987
40;66987
40;66987
40;66987
40;66987
40;66987
40;66989
40;66989
40;66989
40;66989
40;66989
40;66994
40;66994
40;66994
40;66996
40;66996
40;66996
40;66996
40;66996
40;66999
40;67714
40;67714
40;67715
40;67718
40;76846
40;76848
40;76848
40;76848
40;76848
40;76848
40;76848
40;76891
40;76891
40;76891
40;76891
40;76891
40;76891
40;76891
41;30159
41;30823
41;30853
41;30880
41;30890
41;30900
41;30916
41;30926
41;30938
41;30952
41;30966
41;30974
41;30982
41;30989
41;31275
41;31303
41;31311
41;31319
41;31515
41;31535
41;31832
41;56112
41;56130
41;56130
41;56130
41;56130
41;56130
41;56130
41;56130
41;56132
41;56132
41;56132
41;56132
41;56133
41;56337
41;56338
41;56340
41;56340
41;56341
41;56341
41;56346
41;56346
41;56346
41;56346
41;56346
41;56346
41;56346
41;56346
41;56348
41;56348
41;56348
41;56348
41;56349
41;56355
41;56355
41;56355
41;56355
41;56355
41;56355
41;56355
41;56355
41;56355
41;56355
41;56355
41;56357
41;56357
41;56357
41;56357
41;56357
41;56357
41;56357
41;56357
41;56357
41;56357
41;56357
41;56357
41;56357
41;56357
41;56357
41;56357
41;56357
41;56357
41;56357
41;56357
41;56357
41;56357
41;56357
41;56357
41;56357
41;56357
41;56357
41;56357
41;56368
41;56368
41;56368
41;56368
41;56368
41;56368
41;56368
41;56368
41;56368
41;56368
41;56368
41;56370
41;56370
41;56370
41;56370
41;56370
41;56370
41;56370
41;56370
41;56370
41;56370
41;56370
41;56370
41;56377
41;56377
41;56377
41;56379
41;56379
41;56379
41;56379
41;56379
41;56379
41;56379
41;56379
41;56379
41;56379
41;56379
41;56379
41;56379
41;56379
41;65391
41;65558
41;65558
41;65558
41;65558
41;65558
41;65558
41;65558
41;65558
41;65558
41;65558
41;65558
41;65558
41;65558
41;65558
41;65582
41;65582
41;65582
41;65582
41;65623
41;65623
41;65623
41;65623
41;65624
41;65626
41;65629
41;66111
41;66265
41;66271
41;66280
41;66287
41;66292
41;66299
41;66333
41;66346
41;66352
42;66663
42;66679
42;66687
42;66693
42;66701
42;66706
42;66709
43;56203
43;56204
43;56206
43;56206
43;56235
43;56235
43;56237
43;56237
43;56237
43;56237
43;56237
43;56237
43;56237
43;56237
43;56237
43;56242
43;56242
43;56242
43;56242
43;56242
43;56242
43;56244
43;56244
43;56244
43;56244
43;56244
43;56244
43;56244
43;56244
43;56244
43;56244
43;56244
43;56244
43;56244
43;56244
43;56244
43;56244
43;56244
43;56244
43;56244
43;56244
43;56244
43;56249
43;56271
43;56271
43;56271
43;56335
43;56337
43;56337
43;56337
43;56410
43;56412
43;56412
43;56412
43;56412
43;56412
43;56412
43;56412
43;56412
43;56412
43;56412
43;56412
43;56412
43;56412
43;56412
43;56412
43;56412
43;56412
43;56412
43;56412
43;56412
43;56414
43;56414
43;56414
43;56414
43;56414
43;56414
43;56414
43;56414
43;56414
43;56414
43;56414
43;56414
43;56414
43;56414
43;56414
43;56422
43;56424
43;56424
43;56424
43;56424
43;56424
43;56427
43;56428
43;56457
43;56457
43;56457
43;56457
43;56459
43;56459
43;56459
43;56459
43;56459
43;56459
43;56459
43;56459
43;56459
43;56459
43;56459
43;56459
43;56459
43;56459
43;56459
43;56459
43;56459
43;56459
43;56459
43;56459
43;56462
43;56470
43;56472
43;56472
43;56472
43;56472
43;56472
43;56472
43;56472
43;56472
43;56472
43;56477
43;56477
43;56477
43;56477
43;56477
43;56479
43;56479
43;56479
43;56479
43;56479
43;56479
43;56479
43;56479
43;56479
43;56479
43;56479
43;56479
43;56479
43;56479
43;56479
43;56479
43;56479
43;56479
43;57520
43;57520
43;57583
43;57612
43;57612
43;57614
43;57614
43;57627
43;57627
43;57627
43;57627
43;57627
43;57627
43;57627
43;57627
43;57627
43;57629
43;57629
43;57629
43;57629
43;57629
43;57629
43;57629
43;57629
43;57629
43;57629
43;57629
43;57629
43;57629
43;57629
43;57629
43;57629
43;57644
43;57644
43;57644
43;57645
43;57647
43;57647
43;57648
43;57648
43;66538
43;66557
43;66564
43;66571
43;66578
43;66583
43;66589
44;66359
44;66740
44;66763
44;66773
44;66780
44;66787
44;66793
44;66798
44;66802
44;66806
44;66809
44;66822
44;66839
45;66386
45;66399
45;66424
45;66440
45;66450
45;66453
45;66459
46;66606
46;66620
46;66625
46;66629
46;66636
46;66640
46;66646
46;66649
51;14770
51;25541
51;25693
51;25693
51;25693
51;25693
51;25704
51;25704
51;25704
51;25704
51;25704
51;25704
51;25704
51;25709
51;25709
51;25709
51;25709
51;25709
51;25709
51;25712
51;25712
51;25712
51;25712
51;25712
51;25712
51;25712
51;25715
51;25715
51;25715
51;25715
51;25718
51;25719
51;25719
51;25721
51;25724
51;25724
51;25724
51;25725
51;25727
51;25727
51;25727
51;25729
51;25746
51;25746
51;25746
51;25746
51;25746
51;25761
51;25761
51;25761
51;25761
51;25761
51;25761
51;25764
51;25764
51;25764
51;25764
51;25764
51;25764
51;25764
51;25764
51;25764
51;25764
51;25764
51;25767
51;25767
51;25767
51;25767
51;25767
51;25767
51;25767
51;25767
51;25770
51;25770
51;25774
51;25774
51;25774
51;25774
51;25774
51;25774
51;25776
51;25776
51;25779
51;25779
51;25779
51;25779
51;25779
51;25779
51;25779
51;25779
51;25779
51;25782
51;25782
51;25782
51;25782
51;25782
51;25782
51;25782
51;25782
51;25785
51;25785
51;25785
51;25786
51;25788
51;25788
51;25788
51;25791
51;25791
51;25792
51;25792
51;25794
51;25794
51;25794
51;25795
51;25795
51;25797
51;25799
51;26160
51;26180
51;26188
51;26215
51;26655
51;26689
51;27211
51;27232
51;27239
51;27245
51;27245
51;27245
51;27246
51;27248
51;27249
51;27249
51;27251
51;27251
51;27252
51;27254
51;27254
51;27257
51;27257
51;27259
51;27259
51;27259
51;27305
51;27327
51;27327
51;27330
51;28816
51;28844
51;28857
51;29221
51;29303
51;29303
51;29308
51;29313
51;29320
51;29323
51;29328
51;29331
51;29336
51;29339
51;29342
51;29348
51;29351
51;29352
51;29353
51;29355
51;29356
51;29358
51;29362
51;29364
51;29365
51;29367
51;29369
51;29378
51;29386
51;29386
51;29386
51;29392
51;29393
51;29396
51;29399
51;38179
51;38465
51;38467
51;38468
51;38470
51;38471
51;38473
51;38474
51;38476
51;38477
51;38479
51;38518
51;38524
51;38527
51;38528
51;38530
51;38531
51;38533
51;38536
51;38539
51;38542
51;38543
51;38547
51;38550
51;38551
51;38553
51;38554
51;38556
51;38557
51;38559
51;49356
51;49406
51;49406
51;49406
51;49419
51;49448
51;49448
51;49448
51;49448
51;49448
51;49448
51;49453
51;49453
51;49453
51;49453
51;49453
51;49457
51;49459
51;99084
52;03046
52;07545
52;21745
52;21755
52;21756
52;21762
52;21762
52;21763
52;21765
52;21769
52;21769
52;21769
52;21770
52;21772
52;21775
52;21775
52;21775
52;21776
52;21781
52;21782
52;21785
52;21785
52;21787
52;21789
52;26506
52;26524
52;26524
52;26524
52;26524
52;26524
52;26529
52;26529
52;26529
52;26529
52;26529
52;26529
52;26532
52;26548
52;26553
52;26571
52;26571
52;26579
52;26603
52;26624
52;26629
52;26632
52;26639
52;26736
52;26759
52;27472
52;27607
52;27612
52;27616
52;27619
52;27628
52;27639
52;31020
52;31785
52;31812
52;31840
52;31848
52;31855
52;31860
52;31863
53;07743
53;15230
53;21039
53;21039
53;21218
53;21224
53;21227
53;21228
53;21244
53;21255
53;21255
53;21255
53;21255
53;21255
53;21256
53;21258
53;21259
53;21261
53;21266
53;21271
53;21271
53;21272
53;21274
53;21279
53;21279
53;21279
53;21279
53;21376
53;21376
53;21376
53;21376
53;21395
53;21423
53;21423
53;21435
53;21436
53;21438
53;21439
53;21441
53;21442
53;21444
53;21445
53;21465
53;21481
53;21481
53;21481
53;21483
53;21483
53;21483
53;21483
53;21483
53;21483
53;21483
53;21483
53;21483
53;21493
53;21493
53;21493
53;21493
53;21493
53;21493
53;21493
53;21493
53;21493
53;21493
53;21493
53;21493
53;21493
53;21502
53;21502
53;21502
53;21502
53;21514
53;21514
53;21514
53;21514
53;21514
53;21514
53;21514
53;21514
53;21514
53;21514
53;21514
53;21514
53;21516
53;21516
53;21516
53;21516
53;21521
53;21521
53;21521
53;21524
53;21526
53;21527
53;21529
53;21629
53;21646
53;21647
53;21649
53;22929
53;22929
53;22929
53;22929
53;22946
53;22958
53;22959
53;23627
53;23627
53;23628
53;23628
53;23847
53;23847
53;23847
53;23847
53;23847
53;23847
53;23847
53;23847
53;23847
53;23847
53;23847
53;23860
53;23879
53;23881
53;23881
53;23881
53;23881
53;23881
53;23881
53;23881
53;23883
53;23883
53;23883
53;23883
53;23883
53;23883
53;23883
53;23883
53;23896
53;23896
53;23896
53;23896
53;23896
53;23898
53;23898
53;23898
53;23898
53;23898
53;23898
53;23898
53;23898
53;23899
53;23899
53;23909
53;23909
53;23909
53;23909
53;23909
53;23909
53;23909
53;23911
53;23911
53;23911
53;23911
53;23911
53;23911
53;23911
53;23911
53;23911
53;23911
53;23911
53;23919
53;23919
53;23919
53;23919
53;23919
53;26169
53;26219
53;26676
53;26683
53;38640
53;38667
53;38678
53;38685
53;38700
53;38704
53;38723
53;38729
53;38729
53;38729
53;49624
53;49632
53;49661
53;49681
53;49685
53;49688
53;49692
53;49696
53;49699
54;14469
54;25813
54;25813
54;25813
54;25813
54;25821
54;25821
54;25821
54;25821
54;25821
54;25821
54;25821
54;25826
54;25832
54;25832
54;25836
54;25836
54;25836
54;25836
54;25836
54;25836
54;25836
54;25836
54;25840
54;25840
54;25842
54;25842
54;25842
54;25842
54;25845
54;25845
54;25849
54;25850
54;25850
54;25852
54;25853
54;25853
54;25853
54;25855
54;25856
54;25856
54;25856
54;25858
54;25859
54;25860
54;25860
54;25860
54;25862
54;25862
54;25862
54;25862
54;25863
54;25864
54;25866
54;25869
54;25870
54;25870
54;25872
54;25872
54;25873
54;25873
54;25876
54;25876
54;25876
54;25876
54;25876
54;25876
54;25878
54;25878
54;25881
54;25881
54;25881
54;25882
54;25884
54;25884
54;25884
54;25885
54;25885
54;25885
54;25885
54;25885
54;25887
54;25889
54;25889
54;25899
54;25899
54;25899
54;25899
54;25899
54;25917
54;25917
54;25917
54;25917
54;25917
54;25917
54;25920
54;25920
54;25923
54;25923
54;25923
54;25923
54;25923
54;25923
54;25923
54;25924
54;25924
54;25924
54;25924
54;25926
54;25926
54;25926
54;25926
54;25927
54;25927
54;25938
54;25938
54;25938
54;25938
54;25938
54;25938
54;25938
54;25938
54;25938
54;25938
54;25938
54;25938
54;25946
54;25946
54;25946
54;25980
54;25992
54;25996
54;25997
54;25999
54;26871
54;26892
54;26892
54;26892
54;26892
54;26892
54;26897
54;26897
54;26897
54;26897
54;26899
54;26901
54;26901
54;26903
54;26904
54;26906
54;26907
54;26909
54;26909
54;29439
54;29451
54;29456
54;29459
54;29462
54;29465
54;29468
54;29471
54;29472
54;29473
54;29475
54;29476
54;29478
54;29479
54;29481
54;29482
54;29484
54;29485
54;29487
54;29488
54;29490
54;29491
54;29493
54;29494
54;29496
54;29497
54;29499
54;31008
54;31028
54;31036
54;31061
54;31079
54;31084
54;31089
54;31134
54;31157
54;31162
54;31167
54;31171
54;31174
54;31177
54;31180
54;31185
54;31188
54;31191
54;31195
54;31199
54;33330
54;33378
54;33397
54;33415
54;33428
54;33442
54;33449
54;33758
54;33775
54;33790
54;33803
54;33824
54;33829
54;38154
54;38165
54;38350
54;38364
54;38368
54;38368
54;38368
54;38368
54;38373
54;38373
54;38375
54;38376
54;38378
54;38379
54;38381
54;38382
54;38384
54;38387
54;38458
54;38459
54;38461
54;38462
54;38464
54;45525
54;45549
54;46325
54;46342
54;46348
54;46354
54;46359
54;46395
54;46414
54;46419
54;46446
54;46459
54;47509
54;47533
54;47546
54;47551
54;47559
54;47574
54;47589
54;47608
54;47623
54;47638
54;47647
54;47652
54;47661
54;47669
54;48480
54;48480
54;48480
54;48488
54;48499
54;48599
54;48619
54;48624
54;48683
54;48691
54;48703
54;48712
54;48734
54;48739
54;49716
54;49733
54;49740
54;49744
54;49751
54;49751
54;49751
54;49751
54;49757
54;49757
54;49757
54;49762
54;49762
54;49762
54;49762
54;49767
54;49770
54;49770
54;49774
54;49777
54;49777
54;49777
54;49779
54;49779
54;49808
54;49832
54;49832
54;49832
54;49832
54;49832
54;49838
54;49838
54;49838
54;49838
54;49838
54;49844
54;58256
54;58285
54;58300
54;58313
54;58332
54;58339
54;58452
54;98527
55;19273
55;21335
55;21354
55;21357
55;21357
55;21357
55;21358
55;21360
55;21365
55;21368
55;21368
55;21368
55;21369
55;21371
55;21379
55;21379
55;21379
55;21379
55;21380
55;21382
55;21385
55;21385
55;21385
55;21386
55;21388
55;21391
55;21394
55;21394
55;21394
55;21397
55;21397
55;21398
55;21400
55;21401
55;21403
55;21406
55;21406
55;21407
55;21409
55;21447
55;21449
55;21522
55;21522
55;23611
55;23617
55;23623
55;23626
55;23669
55;23683
55;23701
55;23701
55;23714
55;23715
55;23717
55;23730
55;23730
55;23730
55;23730
55;23738
55;23738
55;23738
55;23738
55;23738
55;23738
55;23738
55;23743
55;23744
55;23746
55;23747
55;23749
55;23758
55;23758
55;23758
55;23758
55;23769
55;23774
55;23775
55;23777
55;23779
55;26316
55;26340
55;26345
55;26419
55;26434
55;26441
55;26452
55;26486
55;31073
55;31868
55;37154
55;37170
55;37176
55;37181
55;37186
55;37191
55;37194
55;37574
55;37581
55;37586
55;37589
55;37603
55;37619
55;37619
55;37619
55;37619
55;37619
55;37620
55;37627
55;37627
55;37627
55;37627
55;37627
55;37627
55;37632
55;37632
55;37632
55;37633
55;37635
55;37639
55;37640
55;37642
55;37643
55;37647
55;37647
55;37647
55;37649
55;37691
55;37691
55;37697
55;37699
55;99423
56;22869
56;22880
56;25335
56;25335
56;25335
56;25336
56;25337
56;25337
56;25355
56;25355
56;25355
56;25355
56;25355
56;25355
56;25364
56;25364
56;25364
56;25364
56;25365
56;25370
56;25371
56;25373
56;25421
56;25436
56;25436
56;25436
56;25436
56;25436
56;25436
56;25451
56;25462
56;25469
56;25474
56;25474
56;25474
56;25482
56;25485
56;25485
56;25485
56;25488
56;25489
56;25489
56;25491
56;25492
56;25494
56;25495
56;25497
56;25499
56;27318
56;27318
56;27318
56;27324
56;27324
56;27324
56;27324
56;27324
56;27333
56;27333
56;27498
56;27711
56;27721
56;27726
56;27729
56;27729
56;27729
56;27729
56;27729
56;28790
56;28865
56;28879
56;31547
56;31582
56;31592
56;31595
56;31600
56;31603
56;31604
56;31606
56;31608
56;31609
56;31613
56;31618
56;31619
56;31621
56;31622
56;31623
56;31626
56;31627
56;31628
56;31629
56;31632
56;31633
56;31634
56;31636
56;31637
56;31638
56;48455
56;48465
56;48465
56;48465
56;48465
56;48465
56;48465
56;48529
56;49824
56;49824
56;49824
56;49828
56;49828
56;49828
56;49828
56;49828
56;49835
56;49843
56;49843
56;49843
56;49843
56;49846
56;49847
56;49847
56;49849
56;99817
57;23714
57;24211
57;24211
57;24211
57;24211
57;24211
57;24211
57;24211
57;24211
57;24211
57;24217
57;24217
57;24217
57;24217
57;24217
57;24217
57;24217
57;24217
57;24217
57;24220
57;24223
57;24226
57;24232
57;24232
57;24235
57;24235
57;24235
57;24235
57;24235
57;24238
57;24238
57;24238
57;24238
57;24245
57;24245
57;24245
57;24245
57;24248
57;24250
57;24250
57;24250
57;24250
57;24253
57;24253
57;24253
57;24253
57;24256
57;24256
57;24256
57;24257
57;24257
57;24257
57;24306
57;24306
57;24306
57;24306
57;24306
57;24321
57;24321
57;24321
57;24321
57;24321
57;24321
57;24321
57;24321
57;24326
57;24326
57;24326
57;24326
57;24326
57;24327
57;24327
57;24327
57;24329
57;24329
57;24329
57;24536
57;24601
57;24601
57;24601
57;24601
57;24619
57;24620
57;24625
57;24637
57;26670
57;26757
57;26789
57;26802
57;26810
57;26817
57;26826
57;26831
57;26835
57;26835
57;26835
57;26835
57;26835
57;26835
57;26842
57;26844
57;26845
57;26847
57;26849
57;27356
57;27367
57;27367
57;27367
57;27367
57;27367
57;27367
57;27367
57;27374
57;27383
57;27386
57;27386
57;27386
57;27386
57;27386
57;27386
57;27389
57;27389
57;27389
57;27389
57;27389
57;27404
57;27404
57;27404
57;27404
57;27404
57;27404
57;27404
57;27412
57;27412
57;27412
57;27412
57;27412
57;27412
57;27412
57;27412
57;27419
57;27419
57;27419
57;27419
57;27419
57;27419
57;27419
57;27419
57;27419
57;27432
57;27432
57;27432
57;27432
57;27432
57;27432
57;27442
57;27446
57;27446
57;27446
57;27446
57;27446
57;31224
57;31234
57;31241
57;31249
57;31542
57;31552
57;31552
57;31553
57;31553
57;31555
57;31556
57;31558
57;31559
57;31559
57;31655
57;31675
57;31683
57;31688
57;31691
57;31691
57;31693
57;31698
57;31699
57;31700
57;31702
57;31707
57;31707
57;31708
57;31710
57;31711
57;31712
57;31714
57;31715
57;31717
57;31718
57;31719
57;31737
57;31749
57;31867
57;31867
57;31867
57;31867
57;38159
57;38176
57;38268
58;24107
58;24107
58;24109
58;24113
58;24119
58;24161
58;24214
58;24214
58;24214
58;24214
58;24214
58;24214
58;24214
58;24220
58;24220
58;24220
58;24220
58;24229
58;24229
58;24229
58;24239
58;24241
58;24241
58;24241
58;24241
58;24241
58;24241
58;24242
58;24244
58;24247
58;24247
58;24251
58;24254
58;24259
58;24340
58;24340
58;24340
58;24340
58;24340
58;24351
58;24351
58;24354
58;24354
58;24357
58;24357
58;24357
58;24358
58;24358
58;24358
58;24360
58;24361
58;24361
58;24361
58;24361
58;24361
58;24363
58;24364
58;24366
58;24367
58;24369
58;24398
58;24398
58;24398
58;24398
58;24582
58;24582
58;24582
58;24582
58;24582
58;24582
58;24582
58;24582
58;24589
58;24589
58;24589
58;24589
58;24589
58;24589
58;24594
58;24594
58;24594
58;24594
58;24594
58;24594
58;24594
58;24594
58;24594
58;24594
58;24594
58;24613
58;24622
58;24625
58;24631
58;24634
58;24634
58;24644
58;24644
58;24644
58;24646
58;24647
58;24647
58;24768
58;24782
58;24782
58;24783
58;24783
58;24784
58;24787
58;24790
58;24790
58;24790
58;24790
58;24791
58;24793
58;24793
58;24793
58;24794
58;24794
58;24794
58;24796
58;24796
58;24796
58;24797
58;24797
58;24799
58;24799
58;24799
58;24799
58;24800
58;24802
58;24802
58;24802
58;24805
58;24805
58;24806
58;24806
58;24806
58;24806
58;24808
58;24809
58;24811
58;24811
58;24813
58;24814
58;24816
58;24816
58;24816
58;24816
58;24819
58;24819
58;24819
58;24819
58;25557
58;25557
58;25557
58;25557
58;25557
58;25557
58;25557
58;25557
58;25557
58;25575
58;25585
58;25585
58;25590
58;26197
58;26203
58;26209
58;27243
58;27243
58;27243
58;27243
58;27243
58;27243
58;27243
58;27243
58;27336
58;27336
58;27336
58;27777
58;27793
58;27798
58;27801
58;29614
58;29633
58;29640
58;29643
58;29646
58;29649
58;29664
58;29683
58;29683
58;29690
58;29690
58;29690
58;29690
58;29690
58;29690
58;29693
58;29693
58;29693
58;29693
58;29693
58;32052
58;32120
58;32130
58;32139
58;32257
58;32278
58;32289
58;32584
58;32602
58;34431
58;38162
58;38170
58;38170
58;38170
58;38170
58;38170
58;38170
58;38170
58;38173
58;38173
58;38173
58;38173
58;38173
58;38271
58;38272
58;38274
58;38275
58;38277
58;38279
58;38300
58;38312
58;38312
58;38312
58;38312
58;38312
58;38312
58;38315
58;38321
58;38322
58;38324
58;38325
58;38329
58;40699
58;40721
58;40764
58;40789
58;40822
58;40878
58;42489
58;42551
58;42579
58;42781
58;48249
58;48301
58;48308
58;48329
58;48653
58;48720
58;48727
58;52349
58;52372
58;52379
58;52382
58;52385
58;52388
58;52391
58;52393
58;52396
58;52399
58;52428
58;52441
58;52445
58;52457
58;52459
58;57392
58;59348
58;59387
58;59394
58;59399
58;59759
58;59846
58;59872
58;59889
58;59909
58;59929
58;59939
58;59955
58;59964
58;59969
59;21614
59;21635
59;21640
59;21640
59;21640
59;21640
59;21641
59;21643
59;21644
59;21682
59;21684
59;21698
59;21698
59;21698
59;21702
59;21706
59;21709
59;21709
59;21709
59;21710
59;21712
59;21714
59;21717
59;21717
59;21720
59;21720
59;21720
59;21720
59;21723
59;21726
59;21726
59;21726
59;21727
59;21729
59;21730
59;21732
59;21734
59;21737
59;21739
59;24376
59;24376
59;24376
59;24376
59;24392
59;24392
59;24392
59;24392
59;24392
59;24392
59;24392
59;24395
59;24395
59;24395
59;24395
59;24395
59;24395
59;24395
59;24399
59;24401
59;24402
59;24404
59;24405
59;24405
59;24407
59;24407
59;24409
59;24799
59;24803
59;24803
59;24817
59;24837
59;24848
59;24848
59;24848
59;24848
59;24850
59;24850
59;24850
59;24852
59;24852
59;24852
59;24852
59;24855
59;24855
59;24857
59;24857
59;24860
59;24860
59;24860
59;24861
59;24863
59;24864
59;24866
59;24867
59;24869
59;24870
59;24872
59;24873
59;24876
59;24878
59;24878
59;24879
59;24879
59;24881
59;24882
59;24884
59;24884
59;24885
59;24887
59;24888
59;24888
59;24890
59;24890
59;24891
59;24891
59;24893
59;24894
59;24894
59;24896
59;24897
59;24899
59;24943
59;24955
59;24960
59;24960
59;24963
59;24963
59;24966
59;24969
59;24969
59;24972
59;24972
59;24975
59;24975
59;24975
59;24975
59;24977
59;24977
59;24977
59;24977
59;24980
59;24980
59;24980
59;24980
59;24980
59;24983
59;24986
59;24988
59;24989
59;24991
59;24991
59;24992
59;24992
59;24994
59;24994
59;24994
59;24994
59;24994
59;24994
59;24996
59;24996
59;24997
59;24999
59;25879
59;27449
59;34346
59;34355
59;37083
59;37115
59;37120
59;37124
59;37127
59;37127
59;37127
59;37127
59;37127
59;37130
59;37133
59;37136
59;37136
59;37136
59;37136
59;37136
59;37139
59;37197
59;37199
59;37412
59;37412
59;37412
59;37431
59;37434
59;37434
59;37434
59;37434
59;37434
59;37434
59;37434
59;37434
59;37434
59;37434
59;37441
59;37445
59;37520
59;37539
59;49124
59;49134
59;49143
59;49152
59;49163
59;49170
59;49176
59;49179
59;49186
59;49191
59;49196
59;49201
59;49205
59;49214
59;49219
59;49324
59;49565
59;49577
59;49577
59;49577
59;49584
59;49586
59;49586
59;49593
59;49594
59;49596
59;49597
59;49599
59;49610
59;49626
59;49626
59;49635
59;49637
59;49638
60;16225
60;16230
60;16230
60;16230
60;16230
60;16230
60;16244
60;16247
60;16247
60;16247
60;16247
60;16248
60;16248
60;16248
60;16248
60;16248
60;16248
60;16321
60;16321
60;16341
60;16348
60;16348
60;16356
60;16356
60;16359
60;22846
60;23719
60;23795
60;23795
60;23795
60;23795
60;23795
60;23795
60;23795
60;23795
60;23795
60;23795
60;23795
60;23795
60;23795
60;23795
60;23812
60;23813
60;23813
60;23815
60;23815
60;23815
60;23816
60;23816
60;23816
60;23816
60;23818
60;23820
60;23821
60;23823
60;23824
60;23824
60;23826
60;23826
60;23826
60;23827
60;23827
60;23827
60;23829
60;23829
60;23845
60;23845
60;23845
60;23845
60;23845
60;23845
60;23845
60;23863
60;23866
60;23867
60;24326
60;24558
60;24558
60;24568
60;24568
60;24568
60;24568
60;24568
60;24576
60;24576
60;24576
60;24576
60;24576
60;24576
60;24598
60;24598
60;24598
60;24610
60;24610
60;24616
60;24616
60;24616
60;24616
60;24619
60;24619
60;24623
60;24626
60;24628
60;24629
60;24632
60;24632
60;24635
60;24635
60;24638
60;24640
60;24640
60;24641
60;24641
60;24641
60;24643
60;24649
60;24649
60;25479
60;25486
60;25563
60;29389
60;29394
60;29525
60;29549
60;29553
60;29556
60;29559
60;29562
60;29565
60;29571
60;29574
60;29575
60;29576
60;29578
60;29579
60;29581
60;29582
60;29584
60;29585
60;29587
60;29588
60;29590
60;29591
60;29593
60;29594
60;29597
60;29599
60;49377
60;49393
60;49401
60;49413
60;49424
60;49429
60;49434
60;49439
60;49451
60;49456
61;12529
61;15711
61;15732
61;15732
61;15738
61;15741
61;15745
61;15746
61;15748
61;15748
61;15749
61;15754
61;15755
61;15755
61;15757
61;15868
61;15868
61;15907
61;15910
61;15910
61;15910
61;15910
61;15910
61;15910
61;15913
61;15913
61;15913
61;15913
61;15913
61;15913
61;15913
61;15926
61;15926
61;15938
61;15938
61;15938
61;15938
61;24613
61;24616
61;24616
61;24616
61;25335
61;25335
61;25348
61;25348
61;25348
61;25358
61;25358
61;25358
61;25361
61;25361
61;25361
61;25361
61;25368
61;25376
61;25376
61;25377
61;25379
61;25524
61;25524
61;25524
61;25524
61;25524
61;25524
61;25524
61;25548
61;25548
61;25548
61;25548
61;25548
61;25548
61;25548
61;25551
61;25551
61;25551
61;25551
61;25551
61;25551
61;25551
61;25554
61;25554
61;25554
61;25554
61;25554
61;25554
61;25554
61;25554
61;25554
61;25554
61;25560
61;25560
61;25560
61;25560
61;25560
61;25560
61;25560
61;25560
61;25560
61;25560
61;25563
61;25563
61;25563
61;25563
61;25566
61;25566
61;25569
61;25569
61;25569
61;25569
61;25572
61;25572
61;25572
61;25572
61;25572
61;25572
61;25573
61;25576
61;25578
61;25578
61;25579
61;25579
61;25581
61;25581
61;25582
61;25582
61;25582
61;25582
61;25584
61;25584
61;25587
61;25588
61;25588
61;25588
61;25591
61;25593
61;25593
61;25594
61;25594
61;25594
61;25596
61;25596
61;25596
61;25596
61;25597
61;25597
61;25597
61;25597
61;25599
61;26349
61;26919
61;26931
61;26935
61;26939
61;26954
61;26969
61;27283
61;27299
61;27308
61;27313
61;27321
61;27321
61;27337
61;27339
61;27804
61;27809
61;28832
61;28870
61;28876
61;37308
61;37308
61;37308
61;37308
61;37308
61;37308
61;37308
61;37308
61;37308
61;37308
61;37308
61;37308
61;37308
61;37308
61;37308
61;37308
61;37318
61;37318
61;37318
61;37318
61;37318
61;37318
61;37318
61;37318
61;37318
61;37318
61;37318
61;37318
61;37318
61;37318
61;37318
61;37318
61;37318
61;37318
61;37318
61;37318
61;37318
61;37318
61;37318
61;37318
61;37318
61;37318
61;37318
61;37318
61;37318
61;37327
61;37327
61;37339
61;37339
61;37339
61;37339
61;37339
61;37339
61;37339
61;37339
61;37339
61;37339
61;37339
61;37339
61;37345
61;37345
61;37351
61;37355
61;37359
61;37359
61;37359
61;37359
61;37359
61;63701
61;84028
61;85049
61;86150
61;91522
61;92224
61;96031
62;03238
62;03238
62;03238
62;03238
62;03238
62;03238
62;03238
62;03246
62;03249
62;03253
62;03253
62;03253
62;03253
62;04895
62;04910
62;04916
62;04916
62;04924
62;04928
62;04928
62;04931
62;04932
62;04932
62;04932
62;04932
62;04932
62;04934
62;04936
62;04936
62;04936
62;04936
62;04936
62;04938
62;21465
62;21509
62;22113
62;22145
62;22145
62;22885
62;22889
62;22926
62;22927
62;22929
62;22929
62;22929
62;22941
62;22941
62;22941
62;22941
62;22946
62;22946
62;22946
62;22946
62;22946
62;22949
62;22952
62;22955
62;22956
62;22962
62;22964
62;22965
62;22967
62;22969
62;23619
62;23619
62;23619
62;23619
62;23619
62;23619
62;23843
62;23843
62;23843
62;23843
62;23845
62;23847
62;23847
62;23847
62;23847
62;23847
62;23858
62;23858
62;23858
62;23858
62;23858
62;23860
62;23863
62;23863
62;23869
62;26409
62;26427
62;26427
62;26427
62;26427
62;26427
62;26427
62;26427
62;26446
62;26465
62;26474
62;26487
62;26487
62;26489
62;26556
62;26556
62;26556
62;26556
62;26556
62;32839
62;33014
62;33034
62;33039
62;34414
62;34434
62;34439
62;37671
62;37688
62;37696
62;40670
62;41352
62;41363
62;41460
62;41515
62;41539
62;41564
62;41569
62;44575
62;45657
62;45699
62;45711
62;45721
62;45731
62;45739
62;45772
62;45964
62;46284
62;50126
62;50171
62;50181
62;50189
62;50226
62;50259
62;50321
62;50354
62;50374
62;50389
62;58507
62;58540
62;58553
62;58566
62;58579
62;58636
62;58675
62;58706
62;58762
62;58769
62;58791
62;58802
62;58809
62;58840
62;58849
62;80313
62;87600
62;91051
62;93019
62;94030
62;95410
62;97420
62;99734
62;99735
62;99735
62;99752
62;99752
62;99752
62;99755
62;99755
62;99759
62;99759
62;99759
62;99765
62;99765
62;99765
62;99768
63;14612
63;14621
63;14624
63;14641
63;14641
63;14641
63;14641
63;14641
63;14656
63;14662
63;14662
63;14662
63;14669
63;14712
63;14715
63;14715
63;14715
63;14715
63;14715
63;14715
63;14715
63;14727
63;14728
63;14728
63;14728
63;16845
63;36404
63;36404
63;36414
63;36419
63;36419
63;36419
63;36419
63;36433
63;36433
63;36448
63;36452
63;36456
63;36457
63;36460
63;36466
63;36466
63;83013
63;87435
63;90744
63;92637
63;94315
63;96450
63;97070
63;99819
63;99820
63;99826
63;99826
63;99826
63;99826
63;99826
63;99826
63;99830
63;99831
63;99834
63;99837
63;99842
63;99846
63;99848
64;15236
64;15306
64;15306
64;15306
64;15306
64;15306
64;15306
64;15306
64;15320
64;15320
64;15324
64;15326
64;15326
64;15326
64;15328
64;15328
64;15328
64;15328
64;15328
64;15328
64;15344
64;15345
64;15345
64;15345
64;15345
64;15345
64;15345
64;15366
64;15366
64;15370
64;15374
64;15377
64;15377
64;15377
64;15377
64;15562
64;16259
64;16259
64;16259
64;16259
64;16259
64;16259
64;16259
64;16269
64;16269
64;87700
64;90403
64;95015
64;99947
64;99947
64;99947
64;99947
64;99947
64;99955
64;99955
64;99955
64;99955
64;99955
64;99955
64;99955
64;99955
64;99955
64;99955
64;99958
64;99974
64;99974
64;99976
64;99976
64;99976
64;99986
64;99986
64;99986
64;99988
64;99991
64;99994
64;99994
64;99996
64;99998
65;06556
65;06556
65;06556
65;06556
65;06556
65;06567
65;06571
65;06571
65;06577
65;06577
65;06577
65;16515
65;16540
65;16547
65;16548
65;16559
65;16567
65;16727
65;16727
65;16761
65;16766
65;16767
65;16775
65;16775
65;16775
65;16775
65;16775
65;16775
65;16792
65;16798
65;91126
65;99706
65;99707
65;99713
65;99713
65;99713
65;99713
65;99713
65;99713
65;99713
65;99718
65;99718
65;99718
65;99718
65;99718
65;99718
65;99718
65;99718
66;01945
66;01945
66;01945
66;01945
66;01945
66;01945
66;01945
66;01945
66;01945
66;01945
66;01968
66;01979
66;01983
66;01987
66;01990
66;01990
66;01998
66;03103
66;03103
66;03205
66;03205
66;03222
66;03226
66;03229
66;03229
66;32105
66;32657
66;32676
66;32683
66;32689
66;32694
66;32699
66;32756
66;32791
66;32805
66;32816
66;32825
66;32832
66;33189
66;33813
66;33818
66;36452
66;41334
66;41366
66;41372
66;41379
66;41747
66;47877
66;47906
66;47918
66;47929
66;48268
66;48282
66;48341
66;48356
66;48366
66;48369
66;48431
66;48477
66;48485
66;48493
66;48496
66;48565
66;48607
66;48612
66;48629
66;49477
66;49492
66;49497
66;49504
66;49509
66;49525
66;49536
66;49545
66;49549
66;53879
66;53894
66;53902
66;53909
66;53919
66;53925
66;53937
66;53940
66;53945
66;53947
66;53949
66;57368
66;57399
66;57413
66;57439
66;57462
66;57482
66;57489
66;98530
66;98530
66;98544
66;98547
66;98547
66;98547
66;98559
66;98574
66;98587
66;98590
66;98590
66;98590
66;98593
66;98596
66;98597
66;98597
66;98617
66;98617
66;98617
66;98617
66;98617
66;98617
66;98617
66;98617
66;98617
66;98617
66;98617
66;98617
66;98617
66;98631
66;98634
66;98634
66;98634
66;98634
66;98634
66;98634
66;98634
66;98639
67;15236
67;15295
67;15295
67;15295
67;15295
67;15299
67;15299
67;15299
67;15517
67;15518
67;15518
67;15518
67;15518
67;15518
67;15526
67;15526
67;15528
67;15537
67;15537
67;15537
67;15566
67;15569
67;15848
67;15848
67;15848
67;15848
67;15848
67;15859
67;15864
67;15864
67;15890
67;15890
67;15890
67;15890
67;15898
67;15898
67;15898
67;99100
67;99100
67;99100
67;99100
67;99100
67;99100
67;99192
67;99192
67;99867
67;99869
67;99869
67;99869
67;99869
67;99869
67;99869
67;99869
67;99869
67;99869
67;99869
67;99869
67;99880
67;99880
67;99885
67;99885
67;99887
67;99887
67;99891
67;99894
67;99897
67;99958
68;16816
68;16818
68;16818
68;16818
68;16818
68;16818
68;16831
68;16833
68;16835
68;16835
68;16835
68;16835
68;16845
68;16845
68;16845
68;16845
68;16845
68;16845
68;16845
68;16866
68;16868
68;16909
68;16909
68;99189
68;99189
68;99189
68;99189
68;99189
68;99189
68;99189
68;99195
68;99195
68;99195
68;99195
68;99195
68;99195
68;99195
68;99198
68;99198
68;99198
68;99198
68;99610
68;99610
68;99610
68;99610
68;99625
68;99625
68;99625
68;99628
68;99631
68;99631
68;99634
68;99634
68;99634
68;99634
68;99636
68;99636
68;99638
68;99638
68;99638
68;99638
69;14513
69;14532
69;14532
69;14542
69;14547
69;14548
69;14550
69;14552
69;14554
69;14558
69;14778
69;14778
69;14778
69;14778
69;14778
69;14778
69;14778
69;14789
69;14789
69;14789
69;14793
69;14793
69;14793
69;14797
69;14798
69;14806
69;14806
69;14822
69;14822
69;14822
69;14822
69;14822
69;14823
69;14823
69;14823
69;14827
69;14828
69;14929
69;98530
69;98530
69;98530
69;98530
69;98553
69;98553
69;98553
69;98553
69;98630
69;98646
69;98646
69;98646
69;98646
69;98660
69;98660
69;98660
69;98660
69;98660
69;98660
69;98660
69;98660
69;98663
69;98663
69;98663
69;98663
69;98663
69;98666
69;98667
69;98669
69;98673
69;98673
69;98673
70;16866
70;16928
70;16928
70;16928
70;16945
70;16945
70;16945
70;16945
70;16949
70;16949
70;19309
70;19309
70;19309
70;19322
70;19322
70;19322
70;19322
70;19322
70;19336
70;19336
70;19339
70;19348
70;19348
70;19348
70;19348
70;19357
70;32312
70;32339
70;32351
70;32361
70;32369
70;32423
70;32457
70;32469
70;32479
70;32545
70;32609
70;41812
70;41836
70;41844
70;41849
70;46483
70;46499
70;46509
70;46514
70;46519
70;46535
70;46562
70;46569
70;47441
70;47475
70;47495
70;47506
70;47665
70;48231
70;48291
70;48317
70;48324
70;48336
70;48346
70;48351
70;48361
70;52511
70;52525
70;52525
70;52531
70;52538
70;52538
70;57072
70;57223
70;57234
70;57250
70;57258
70;57271
70;57290
70;57299
70;57319
70;57334
70;57339
70;59227
70;59269
70;59302
70;59320
70;59329
70;98693
70;98693
70;98701
70;98716
70;99310
70;99310
70;99310
70;99310
70;99310
70;99310
70;99326
70;99330
70;99334
70;99334
70;99334
70;99338
71;03058
71;03096
71;03096
71;03096
71;03096
71;03096
71;03096
71;03099
71;03116
71;03119
71;03130
71;03130
71;03130
71;03130
71;03149
71;03149
71;03149
71;03159
71;03159
71;03172
71;03172
71;03185
71;03185
71;03185
71;03185
71;03185
71;03185
71;03185
71;03185
71;17033
71;17039
71;17039
71;17039
71;17039
71;17039
71;17039
71;17039
71;17039
71;17039
71;17039
71;17039
71;17039
71;17087
71;17089
71;17089
71;17089
71;17089
71;17089
71;17089
71;17089
71;17089
71;17089
71;17089
71;17091
71;17091
71;17091
71;17091
71;17091
71;17091
71;17091
71;17091
71;17091
71;17091
71;17091
71;17091
71;17094
71;17094
71;17094
71;17094
71;17094
71;17098
71;17099
71;17099
71;17109
71;17111
71;17111
71;17111
71;17111
71;17111
71;17111
71;17111
71;17111
71;17111
71;17111
71;17111
71;17111
71;17111
71;17111
71;17111
71;17111
71;17139
71;17139
71;17139
71;17139
71;17139
71;17153
71;17153
71;17153
71;17153
71;17153
71;17153
71;17153
71;17153
71;17153
71;17153
71;17154
71;17159
71;17192
71;17192
71;17192
71;17192
71;17192
71;17192
71;17192
71;17194
71;17194
71;17194
71;17194
71;17194
71;17194
71;17207
71;17207
71;17207
71;17207
71;17207
71;17209
71;17209
71;17209
71;17209
71;17209
71;17209
71;17209
71;17209
71;17209
71;17209
71;17209
71;17209
71;17209
71;17213
71;17213
71;17213
71;17213
71;17214
71;17214
71;17214
71;17217
71;17217
71;17219
71;17219
71;17235
71;17237
71;17237
71;17237
71;17237
71;17237
71;17237
71;17237
71;17237
71;17237
71;17237
71;17237
71;17248
71;17248
71;17252
71;17252
71;17255
71;17255
71;17255
71;17258
71;17337
71;17348
71;17349
71;17349
71;17349
71;17349
71;17349
71;17349
71;63755
71;63762
71;63768
71;63773
71;63776
71;63791
71;63796
71;63801
71;63808
71;63811
71;63814
71;63825
71;63825
71;63825
71;63825
71;63826
71;63828
71;63829
71;63831
71;63846
71;63856
71;63857
71;63860
71;63864
71;63867
71;63869
71;63871
71;63872
71;63872
71;63875
71;63877
71;63879
71;82297
71;84489
71;84503
71;84508
71;84513
71;84518
71;84524
71;84533
71;84533
71;84533
71;84543
71;84547
71;84550
71;84553
71;84556
71;84558
71;84558
71;84561
71;84567
71;84567
71;84568
71;84571
71;84576
71;84577
71;84579
71;86316
71;86415
71;86438
71;86444
71;86447
71;86447
71;86453
71;86495
71;86504
71;86508
71;86510
71;86511
71;86551
71;86554
71;86556
71;86559
71;86568
71;86570
71;86573
71;86574
71;86576
71;86577
71;86674
71;90599
71;91249
71;91275
71;91332
71;91541
71;91550
71;91555
71;91560
71;91564
71;91567
71;91572
71;91575
71;91578
71;91580
71;91583
71;91583
71;91586
71;91587
71;91589
71;91590
71;91592
71;91595
71;91596
71;91598
71;91599
71;91601
71;91602
71;91604
71;91607
71;91608
71;91610
71;91611
71;91614
71;91616
71;91617
71;91620
71;91622
71;91623
71;91625
71;91626
71;91628
71;91629
71;91631
71;91632
71;91634
71;91635
71;91637
71;91639
71;91717
71;91722
71;91725
71;91726
71;91731
71;91732
71;91734
71;91737
71;91740
71;91743
71;91744
71;91746
71;91749
71;92237
71;92242
71;92245
71;92249
71;92253
71;92256
71;92259
71;92260
71;92262
71;92263
71;92265
71;92266
71;92268
71;92271
71;92272
71;92274
71;92275
71;92277
71;92278
71;92280
71;92281
71;92284
71;92286
71;92287
71;92289
71;94447
71;94469
71;94486
71;94491
71;94505
71;94508
71;94526
71;94527
71;94530
71;94532
71;94533
71;94539
71;94547
71;94550
71;94551
71;94551
71;94551
71;94554
71;94557
71;94560
71;94562
71;94563
71;94569
71;94571
71;94574
71;94577
71;96103
71;96110
71;96114
71;96117
71;96120
71;96123
71;96129
71;96132
71;96135
71;96138
71;96146
71;96148
71;96149
71;96154
71;96155
71;96157
71;96158
71;96161
71;96163
71;96164
71;96167
71;96169
71;96170
71;96170
71;96173
71;96175
71;96178
71;96179
71;96182
71;96185
71;96187
71;96191
71;96194
71;96196
71;96199
71;99102
71;99428
71;99438
71;99438
71;99438
71;99438
71;99438
71;99438
71;99439
71;99439
71;99439
71;99439
71;99441
71;99441
71;99441
71;99441
71;99441
71;99441
71;99441
71;99441
71;99441
71;99441
71;99441
71;99444
71;99448
71;99448
71;99448
71;99448
71;99510
71;99510
71;99510
71;99510
71;99510
71;99518
71;99518
71;99518
71;99518
71;99518
71;99518
72;14913
72;14913
72;14913
72;14943
72;14947
72;14959
72;14974
72;14979
72;15806
72;15827
72;15834
72;15837
72;15838
72;15936
72;15936
72;15936
72;17166
72;17166
72;17166
72;17166
72;17166
72;17166
72;17166
72;17166
72;17168
72;17168
72;17168
72;17168
72;17168
72;17168
72;17168
72;17168
72;17179
72;17179
72;17179
72;17179
72;17179
72;18059
72;18059
72;18059
72;18069
72;18107
72;18181
72;18182
72;18182
72;18182
72;18182
72;18182
72;18184
72;18184
72;18184
72;18184
72;18190
72;18195
72;18195
72;18195
72;18195
72;18195
72;18195
72;18195
72;18195
72;18195
72;18196
72;18198
72;18198
72;18209
72;18209
72;18209
72;18209
72;18209
72;18209
72;18211
72;18211
72;18211
72;18211
72;18225
72;18230
72;18230
72;18230
72;18233
72;18233
72;18233
72;18233
72;18236
72;18239
72;18246
72;18246
72;18246
72;18246
72;18246
72;18246
72;18246
72;18246
72;18249
72;18249
72;18249
72;18249
72;18258
72;18258
72;18258
72;18258
72;18258
72;18258
72;18258
72;18273
72;18276
72;18276
72;18276
72;18276
72;18276
72;18276
72;18276
72;18276
72;18276
72;18276
72;18276
72;18276
72;18276
72;18276
72;18279
72;18292
72;18292
72;18292
72;18292
72;18299
72;18299
72;18299
72;18299
72;83315
72;83395
72;83404
72;83410
72;83416
72;83435
72;83451
72;83454
72;83457
72;83458
72;83471
72;83471
72;83483
72;83486
72;83487
72;86343
72;86356
72;86368
72;86391
72;86399
72;86405
72;86420
72;86424
72;86441
72;86450
72;86456
72;86459
72;86462
72;86465
72;86465
72;86477
72;86482
72;86485
72;86486
72;86494
72;86497
72;86500
72;86507
72;86507
72;86514
72;86517
72;86672
72;86678
72;86679
72;86695
72;86695
72;86707
72;86707
72;86830
72;86836
72;86836
72;86836
72;86845
72;86850
72;86853
72;86856
72;86863
72;86866
72;86868
72;86872
72;86877
72;90542
72;90562
72;90562
72;91054
72;91074
72;91080
72;91080
72;91080
72;91083
72;91085
72;91086
72;91088
72;91091
72;91093
72;91096
72;91097
72;91257
72;91278
72;91282
72;91287
72;91289
72;91315
72;91325
72;91334
72;91341
72;91344
72;91347
72;91350
72;91475
72;91487
72;92444
72;93167
72;93167
72;93185
72;93189
72;93192
72;93194
72;93199
72;93413
72;93426
72;93437
72;93444
72;93449
72;93453
72;93455
72;93458
72;93462
72;93464
72;93466
72;93468
72;93470
72;93473
72;93474
72;93476
72;93477
72;93479
72;93480
72;93482
72;93483
72;93485
72;93486
72;93488
72;93489
72;93491
72;93492
72;93494
72;93495
72;93497
72;93499
72;94065
72;94078
72;94089
72;94118
72;94133
72;94142
72;94143
72;94145
72;94146
72;94151
72;94157
72;94158
72;94160
72;94163
72;94169
72;94475
72;94513
72;94518
72;94536
72;94545
72;94548
72;94556
72;94568
72;94572
72;94579
72;95460
72;95463
72;95466
72;95466
72;95469
72;95473
72;95473
72;95473
72;95480
72;95485
72;95488
72;95490
72;95491
72;95493
72;95494
72;95496
72;95497
72;95500
72;95503
72;95511
72;95515
72;95517
72;95517
72;95686
72;95694
72;96142
72;96172
72;96193
72;96515
72;96523
72;96524
72;96528
72;96528
72;97517
72;97688
72;97702
72;97705
72;97708
72;97711
72;97711
72;97714
72;97717
72;97717
72;97717
72;97720
72;97723
72;97725
72;97727
72;97729
72;97762
72;97769
72;97772
72;97779
72;97786
72;97789
72;97792
72;97795
72;97797
72;97799
72;98724
72;98724
72;98746
73;07318
73;07330
73;07333
73;07338
73;07338
73;07338
73;07338
73;07338
73;07349
73;07407
73;07407
73;07422
73;07426
73;07426
73;07426
73;07427
73;07429
73;07429
73;07429
73;16278
73;16278
73;16278
73;16303
73;16306
73;16306
73;16306
73;16306
73;16306
73;16307
73;16307
73;16307
73;17268
73;17268
73;17268
73;17268
73;17268
73;17268
73;17268
73;17279
73;17291
73;17291
73;17291
73;17291
73;17291
73;17291
73;17291
73;17291
73;17291
73;17291
73;17291
73;17326
73;17337
73;18311
73;18314
73;18314
73;18314
73;18314
73;18317
73;18320
73;18320
73;18320
73;18334
73;18334
73;18334
73;18334
73;18334
73;18337
73;18347
73;18347
73;18347
73;18356
73;18356
73;18356
73;18374
73;18375
73;18375
73;18375
73;18439
73;18442
73;18442
73;18442
73;18442
73;18442
73;18442
73;18442
73;18445
73;18445
73;18445
73;18445
73;18445
73;18445
73;18461
73;18461
73;18461
73;18461
73;18461
73;18465
73;18465
73;18465
73;18469
73;18469
73;18507
73;18510
73;18510
73;18510
73;18510
73;18513
73;18513
73;18513
73;18513
73;18513
73;18513
73;18516
73;18519
73;18528
73;18528
73;18528
73;18528
73;18528
73;18528
73;18528
73;18528
73;18528
73;18546
73;18551
73;18551
73;18551
73;18556
73;18556
73;18556
73;18556
73;18556
73;18565
73;18569
73;18569
73;18569
73;18569
73;18569
73;18569
73;18573
73;18573
73;18573
73;18573
73;18574
73;18574
73;18574
73;18581
73;18586
73;18586
73;18586
73;18586
73;18586
73;18609
73;82057
73;82431
73;82431
73;82515
73;82538
73;82541
73;82544
73;82547
73;82549
73;83623
73;83646
73;83646
73;83661
73;83670
73;83671
73;83673
73;83674
73;83676
73;83677
73;83677
73;83679
73;84044
73;84048
73;84085
73;84089
73;84094
73;84097
73;84106
73;86502
73;86637
73;86637
73;86637
73;86637
73;86647
73;86657
73;89344
73;89353
73;89407
73;89415
73;89420
73;89423
73;89426
73;89426
73;89428
73;89429
73;89431
73;89434
73;89435
73;89437
73;89438
73;89440
73;89441
73;89443
73;89446
73;89447
73;90513
73;90522
73;90547
73;90556
73;90556
73;90574
73;90579
73;90587
73;90587
73;90587
73;90602
73;90613
73;90614
73;90617
73;91452
73;92283
73;92305
73;92331
73;92331
73;92334
73;92342
73;92345
73;92348
73;92353
73;92355
73;92358
73;92360
73;92361
73;92363
73;92364
73;92366
73;92367
73;92369
73;93077
73;93309
73;93326
73;93333
73;93339
73;93342
73;93343
73;93345
73;93346
73;93348
73;93351
73;93352
73;93354
73;93354
73;93356
73;93358
73;93359
73;96145
73;96237
73;96242
73;96253
73;96269
73;96271
73;96274
73;96279
73;96465
73;96472
73;96476
73;96479
73;96482
73;96484
73;96486
73;96487
73;96489
73;97528
73;97616
73;97616
73;97618
73;97618
73;97618
73;97618
73;97618
73;97618
73;97618
73;97618
73;97618
73;97631
73;97633
73;97633
73;97633
73;97633
73;97633
73;97633
73;97633
73;97633
73;97638
73;97640
73;97640
73;97640
73;97642
73;97647
73;97647
73;97647
73;97647
73;97650
73;97653
73;97654
73;97656
73;97657
73;97659
73;97724
73;98743
73;98744
73;98744
73;98744
73;98744
73;98744
73;98746
74;07607
74;07607
74;07607
74;07613
74;07613
74;07613
74;07613
74;07613
74;07613
74;07616
74;07616
74;07616
74;07616
74;07616
74;07616
74;07616
74;07619
74;07619
74;07629
74;07629
74;07629
74;07629
74;07639
74;07639
74;07639
74;07646
74;07646
74;07646
74;07646
74;07646
74;07646
74;07646
74;07646
74;07646
74;07646
74;07646
74;07646
74;07646
74;07646
74;07646
74;07646
74;07646
74;07646
74;07646
74;07646
74;07646
74;07646
74;07646
74;07646
74;07646
74;07646
74;07646
74;07646
74;07646
74;07646
74;07646
74;07646
74;07646
74;07751
74;07751
74;07751
74;07751
74;07751
74;07751
74;07751
74;07751
74;07751
74;07751
74;07768
74;07768
74;07768
74;07768
74;07768
74;07768
74;07768
74;07768
74;07768
74;07768
74;07768
74;07768
74;07768
74;07768
74;07774
74;07774
74;07774
74;07774
74;07778
74;07778
74;07778
74;07778
74;07778
74;19069
74;19069
74;19069
74;19069
74;19069
74;19069
74;19071
74;19071
74;19071
74;19071
74;19205
74;19205
74;19205
74;19205
74;19205
74;19205
74;19205
74;19205
74;19205
74;19209
74;19209
74;19209
74;19209
74;19217
74;19217
74;19217
74;19217
74;19217
74;19217
74;19217
74;19217
74;19217
74;19217
74;19217
74;19417
74;19417
74;19417
74;19417
74;23923
74;23923
74;23923
74;23923
74;23923
74;23923
74;23936
74;23936
74;23936
74;23936
74;23936
74;23936
74;23936
74;23936
74;23936
74;23942
74;23942
74;23946
74;23948
74;23948
74;23952
74;23968
74;23968
74;23968
74;23968
74;23970
74;23972
74;23972
74;23972
74;23972
74;23974
74;23974
74;23974
74;23974
74;23974
74;23992
74;23992
74;23992
74;23992
74;23992
74;23992
74;23996
74;23996
74;23996
74;23999
74;33104
74;33129
74;33142
74;33154
74;33161
74;33165
74;33175
74;33178
74;33181
74;33184
74;42477
74;42499
74;51545
74;51580
74;51588
74;51597
74;51643
74;51674
74;51688
74;51702
74;51709
74;51766
74;51789
74;58739
74;59457
74;59469
74;59494
74;59505
74;59510
74;59514
74;59519
74;59555
74;59581
74;59590
74;59597
74;59602
74;59609
74;84030
74;84032
74;84036
74;84051
74;84056
74;84057
74;84076
74;84079
74;84088
74;84092
74;84095
74;84098
74;84100
74;84101
74;84103
74;84107
74;84109
74;84109
74;84137
74;84144
74;84149
74;84155
74;84166
74;84168
74;84169
74;84171
74;84172
74;84174
74;84175
74;84175
74;84178
74;84181
74;84184
74;84186
74;84189
74;85221
74;85229
74;85232
74;85235
74;85235
74;85238
74;85241
74;85244
74;85247
74;85250
74;85253
74;85254
74;85256
74;85258
74;85757
74;85778
74;86381
74;86470
74;86473
74;86476
74;86479
74;86480
74;86480
74;86483
74;86488
74;86489
74;86491
74;86505
74;86513
74;86519
74;86567
74;89312
74;89331
74;89332
74;89335
74;89340
74;89343
74;89346
74;89347
74;89349
74;89350
74;89352
74;89355
74;89356
74;89358
74;89359
74;89361
74;89362
74;89364
74;89365
74;89368
74;90518
74;90537
74;90552
74;90559
74;90571
74;90592
74;90607
74;90610
74;91077
74;91077
74;91077
74;91077
74;91090
74;91094
74;91099
74;91207
74;91217
74;91220
74;91224
74;91227
74;91230
74;91233
74;91235
74;91235
74;91236
74;91238
74;91238
74;91239
74;91241
74;91242
74;91244
74;91245
74;91247
74;91281
74;91284
74;91286
74;91301
74;91320
74;91322
74;91327
74;91330
74;91336
74;91338
74;91346
74;91349
74;91352
74;91353
74;91355
74;91356
74;91358
74;91359
74;91361
74;91362
74;91364
74;91365
74;91367
74;91369
74;92637
74;92648
74;92655
74;92660
74;92660
74;92665
74;92665
74;92670
74;92676
74;92676
74;92685
74;92690
74;92693
74;92694
74;92696
74;92697
74;92699
74;92699
74;92702
74;92705
74;92706
74;92708
74;92709
74;92711
74;92712
74;92714
74;92718
74;92720
74;92721
74;92723
74;92724
74;92726
74;92727
74;92729
74;95514
74;95519
74;95519
74;96106
74;96126
74;96126
74;96151
74;96176
74;96181
74;96184
74;96188
74;96190
74;97437
74;97461
74;97475
74;97478
74;97483
74;97486
74;97491
74;97494
74;97496
74;97500
74;97500
74;97503
74;97514
74;97519
74;97522
74;97531
74;97531
75;07343
75;07356
75;07366
75;07368
75;07381
75;07381
75;07381
75;07381
75;07381
75;07381
75;07381
75;07381
75;07381
75;07381
75;07381
75;07387
75;07389
75;07389
75;07389
75;07389
75;07389
75;07389
75;07389
75;07389
75;07389
75;07389
75;07806
75;07806
75;07806
75;07806
75;07819
75;07819
75;07819
75;07819
75;07819
75;07819
75;07819
75;07819
75;07819
75;07907
75;07907
75;07907
75;07907
75;07907
75;07907
75;07907
75;07907
75;07907
75;07907
75;07919
75;07922
75;07924
75;07924
75;07924
75;07924
75;07924
75;07926
75;07927
75;07929
75;17121
75;17121
75;17121
75;17126
75;17129
75;17129
75;17129
75;17129
75;17129
75;17129
75;17309
75;17309
75;17309
75;17309
75;17309
75;17309
75;17309
75;17309
75;17309
75;17309
75;17309
75;17309
75;17309
75;17321
75;17321
75;17321
75;17321
75;17321
75;17322
75;17322
75;17322
75;17322
75;17322
75;17328
75;17329
75;17329
75;17335
75;17337
75;17358
75;17358
75;17367
75;17373
75;17375
75;17375
75;17375
75;17375
75;17375
75;17375
75;17375
75;17375
75;17375
75;17375
75;17379
75;17379
75;17379
75;17379
75;17379
75;17379
75;17389
75;17390
75;17390
75;17390
75;17390
75;17390
75;17390
75;17391
75;17391
75;17391
75;17391
75;17391
75;17391
75;17391
75;17392
75;17392
75;17392
75;17392
75;17392
75;17392
75;17398
75;17398
75;17398
75;17398
75;17398
75;17406
75;17406
75;17406
75;17419
75;17419
75;17419
75;17419
75;17419
75;17424
75;17429
75;17429
75;17429
75;17438
75;17440
75;17440
75;17440
75;17440
75;17440
75;17440
75;17440
75;17449
75;17449
75;17449
75;17449
75;17454
75;17459
75;17459
75;17459
75;17459
75;17489
75;17495
75;17495
75;17495
75;17495
75;17498
75;17498
75;17498
75;17498
75;17498
75;17498
75;17498
75;17498
75;17498
75;17506
75;17506
75;17506
75;17509
75;17509
75;17509
75;17509
75;17509
75;17509
75;17509
75;17509
75;17509
75;83550
75;83553
75;84069
75;85560
75;85567
75;85567
75;85570
75;85586
75;85587
75;85604
75;85614
75;85617
75;85625
75;85625
75;85643
75;85646
75;85652
75;85658
75;85661
75;85664
75;85665
75;85667
75;89210
75;89250
75;89257
75;89264
75;89269
75;89270
75;89278
75;89281
75;89284
75;89287
75;89290
75;89291
75;89293
75;89294
75;89296
75;89297
75;89299
75;90616
75;90619
75;91413
75;91438
75;91439
75;91443
75;91448
75;91456
75;91459
75;91460
75;91462
75;91463
75;91465
75;91466
75;91468
75;91469
75;91471
75;91472
75;91474
75;91477
75;91478
75;91480
75;91481
75;91483
75;91486
75;91489
75;91593
75;91605
75;91613
75;91619
75;93073
75;93080
75;93083
75;93086
75;93087
75;93089
75;93090
75;93092
75;93093
75;93093
75;93095
75;93096
75;93098
75;93099
75;93101
75;93102
75;93104
75;93104
75;93105
75;93107
75;93109
75;93128
75;93138
75;93152
75;93155
75;93161
75;93164
75;93164
75;93170
75;93173
75;93176
75;93179
75;93180
75;93183
75;93183
75;93183
75;93186
75;93188
75;93195
75;93197
75;94051
75;94060
75;94072
75;94081
75;94086
75;94094
75;94094
75;94099
75;94104
75;94104
75;94107
75;94110
75;94113
75;94116
75;94121
75;94124
75;94127
75;94130
75;94136
75;94139
75;94148
75;94149
75;94152
75;94154
75;94161
75;94164
75;94167
75;94474
75;94496
75;94501
75;94501
75;94501
75;94529
75;94535
75;94538
75;94542
75;94544
75;94575
75;95111
75;95119
75;95120
75;95131
75;95138
75;95145
75;95152
75;95176
75;95179
75;95180
75;95182
75;95183
75;95183
75;95183
75;95185
75;95188
75;95189
75;95191
75;95192
75;95194
75;95197
75;95213
75;95233
75;95234
75;95236
75;95237
75;95239
75;96152
75;96160
75;97215
75;97215
75;97215
75;97258
75;97258
75;97258
75;97258
75;97318
75;97318
75;97320
75;97320
75;97320
75;97320
75;97320
75;97332
75;97334
75;97334
75;97337
75;97340
75;97340
75;97340
75;97342
75;97342
75;97342
75;97346
75;97348
75;97348
75;97348
75;97350
75;97353
75;97355
75;97355
75;97355
75;97355
75;97355
75;97357
75;97359
76;07554
76;07554
76;07554
76;07554
76;07554
76;07554
76;07554
76;07557
76;07557
76;07557
76;07570
76;07570
76;07570
76;07570
76;07570
76;07580
76;07580
76;07580
76;07580
76;07580
76;07580
76;07580
76;07580
76;07580
76;07580
76;07586
76;07586
76;07586
76;07586
76;07589
76;07589
76;07589
76;07589
76;07589
76;07589
76;07937
76;07937
76;07950
76;07955
76;07957
76;07958
76;07973
76;07980
76;07980
76;07987
76;19065
76;19065
76;19065
76;19067
76;19067
76;19067
76;19067
76;19073
76;19073
76;19073
76;19073
76;19073
76;19073
76;19075
76;19075
76;19075
76;19077
76;19077
76;19077
76;19077
76;19079
76;19079
76;19086
76;19089
76;19089
76;19089
76;19089
76;19089
76;19089
76;19089
76;19230
76;19230
76;19230
76;19230
76;19230
76;19230
76;19230
76;19230
76;19230
76;19230
76;19230
76;19230
76;19230
76;19230
76;19230
76;19230
76;19230
76;19230
76;19230
76;19230
76;19243
76;19243
76;19246
76;19246
76;19246
76;19249
76;19258
76;19258
76;19258
76;19258
76;19258
76;19258
76;19258
76;19258
76;19258
76;19258
76;19260
76;19260
76;19273
76;19273
76;19288
76;19288
76;19288
76;19288
76;19288
76;19288
76;19288
76;19294
76;19294
76;19294
76;19294
76;19294
76;19294
76;19294
76;19294
76;19294
76;19300
76;19300
76;19300
76;19300
76;19300
76;19300
76;19300
76;19300
76;19300
76;19303
76;19303
76;19306
76;19306
76;19306
76;19357
76;19370
76;19372
76;19372
76;19372
76;19372
76;19372
76;19372
76;19372
76;19374
76;19374
76;19374
76;19374
76;19376
76;19376
76;19386
76;19386
76;19386
76;19386
76;19386
76;19386
76;19386
76;19386
76;19395
76;19395
76;19395
76;19399
76;19399
76;19399
76;19399
76;19406
76;19406
76;19406
76;19406
76;19406
76;19406
76;19406
76;19412
76;19412
76;19412
76;19412
76;19412
76;63785
76;63820
76;63834
76;63839
76;63840
76;63843
76;63849
76;63853
76;63863
76;63868
76;63897
76;63906
76;63911
76;63916
76;63920
76;63924
76;63924
76;63925
76;63927
76;63928
76;63930
76;63931
76;63933
76;63934
76;63936
76;63937
76;63939
76;85072
76;85072
76;85080
76;85092
76;85095
76;85098
76;85101
76;85104
76;85110
76;85111
76;85113
76;85114
76;85116
76;85117
76;85120
76;85122
76;85125
76;85128
76;85129
76;85131
76;85134
76;85135
76;85137
76;85139
76;88131
76;88131
76;88138
76;88138
76;88138
76;88142
76;88145
76;88145
76;88149
76;88161
76;88167
76;88167
76;88167
76;88167
76;88167
76;88171
76;88175
76;88178
76;88179
76;90530
76;90580
76;90596
76;91126
76;91126
76;91154
76;91161
76;91166
76;91171
76;91174
76;91177
76;91180
76;91183
76;91186
76;91187
76;91189
76;91795
76;91804
76;91809
76;92269
76;92339
76;92421
76;92431
76;92436
76;92439
76;92440
76;92442
76;92445
76;92447
76;92507
76;92521
76;92526
76;92533
76;92536
76;92539
76;92540
76;92542
76;92543
76;92545
76;92546
76;92548
76;92549
76;92551
76;92552
76;92554
76;92555
76;92557
76;92559
76;92723
76;93133
76;93142
76;93149
76;93158
76;93336
76;93349
76;93471
76;94209
76;94227
76;94227
76;94234
76;94239
76;94239
76;94239
76;94244
76;94244
76;94249
76;94250
76;94252
76;94253
76;94255
76;94256
76;94258
76;94259
76;94261
76;94262
76;94264
76;94265
76;94267
76;94269
76;96268
76;96277
76;96317
76;96328
76;96332
76;96337
76;96342
76;96346
76;96349
76;96352
76;96355
76;96358
76;96358
76;96361
76;96364
76;96365
76;96367
76;96369
76;97901
76;97903
76;97904
76;97906
76;97909
77;04600
77;04603
77;04603
77;04603
77;04610
77;04613
77;04617
77;04617
77;04617
77;04617
77;04617
77;04617
77;04617
77;04617
77;04617
77;04618
77;04618
77;04626
77;04626
77;04626
77;04626
77;04626
77;04626
77;04626
77;04626
77;04626
77;04626
77;04626
77;04639
77;04639
77;84140
77;84307
77;84323
77;84326
77;84326
77;84329
77;84332
77;84333
77;84335
77;84337
77;84339
77;84347
77;84359
77;84361
77;84367
77;84367
77;84367
77;84371
77;84375
77;84378
77;84381
77;84384
77;84385
77;84387
77;84389
77;84405
77;84416
77;84416
77;84424
77;84427
77;84432
77;84434
77;84435
77;84439
77;84552
77;85435
77;85445
77;85447
77;85452
77;85456
77;85457
77;85459
77;85461
77;85462
77;85464
77;85465
77;85467
77;85469
77;85570
77;85659
77;85669
77;85669
77;86807
77;86860
77;86862
77;86869
77;86875
77;86983
77;87459
77;87484
77;87494
77;87496
77;87616
77;87616
77;87629
77;87634
77;87634
77;87637
77;87637
77;87640
77;87642
77;87645
77;87647
77;87647
77;87648
77;87650
77;87651
77;87653
77;87654
77;87656
77;87657
77;87659
77;87660
77;87662
77;87662
77;87663
77;87665
77;87666
77;87668
77;87669
77;87671
77;87672
77;87674
77;87675
77;87675
77;87677
77;87679
77;91710
77;91719
77;91720
77;91723
77;91728
77;91729
77;91735
77;91738
77;91741
77;91747
77;91757
77;91781
77;91785
77;91788
77;91790
77;91790
77;91790
77;91790
77;91792
77;91793
77;91796
77;91798
77;91799
77;91801
77;91802
77;91805
77;91807
77;92677
77;92703
77;92717
77;94137
77;94140
77;94166
77;94424
77;94439
77;95311
77;95336
77;95339
77;95339
77;95346
77;95349
77;95352
77;95353
77;95356
77;95358
77;95359
77;95361
77;95362
77;95364
77;95365
77;95367
77;95369
77;95478
77;95499
77;95502
77;95505
77;95506
77;95508
77;95509
77;95512
77;95643
77;95652
77;95666
77;95666
77;95671
77;95672
77;95679
77;95682
77;95683
77;95685
77;95688
77;95689
77;95692
77;95695
77;95698
77;95700
77;95701
77;95703
77;95704
77;96197
77;97225
77;97267
77;97282
77;97289
77;97450
77;97737
77;97753
77;97773
77;97775
77;97776
77;97778
77;97780
77;97782
77;97783
77;97785
77;97788
77;97791
77;97794
77;97816
77;97828
77;97828
77;97828
77;97833
77;97834
77;97837
77;97840
77;97842
77;97843
77;97845
77;97846
77;97848
77;97849
77;97851
77;97854
77;97855
77;97857
77;97859
77;97892
77;97892
77;97907
78;42799
78;42929
78;44532
78;51399
78;51465
78;51491
78;51503
78;51515
78;51519
78;58239
78;58730
78;59174
78;59192
78;59199
78;59368
78;59379
78;59423
78;59439
78;84066
78;84072
78;84082
78;84104
78;85307
78;85350
78;85368
78;85368
78;85371
78;85386
78;85391
78;85395
78;85395
78;85399
78;85402
78;85405
78;85406
78;85406
78;85408
78;85411
78;85413
78;85414
78;85416
78;85417
78;85419
78;85777
78;86498
78;86825
78;86833
78;86842
78;86854
78;86865
78;86871
78;86874
78;86879
78;87719
78;87724
78;87725
78;87727
78;87730
78;87733
78;87734
78;87736
78;87737
78;87739
78;87740
78;87742
78;87742
78;87743
78;87745
78;87746
78;87748
78;87749
78;87751
78;87752
78;87754
78;87757
78;87758
78;87760
78;87761
78;87763
78;87764
78;87766
78;87767
78;87769
78;87770
78;87772
78;87773
78;87775
78;87776
78;87778
78;87779
78;87781
78;87782
78;87784
78;87785
78;87787
78;87789
78;94327
78;94330
78;94330
78;94333
78;94336
78;94336
78;94339
78;94342
78;94342
78;94344
78;94345
78;94347
78;94348
78;94350
78;94351
78;94353
78;94354
78;94356
78;94357
78;94359
78;94360
78;94362
78;94363
78;94365
78;94368
78;94369
78;94371
78;94372
78;94374
78;94374
78;94375
78;94377
78;94379
78;94553
78;94559
78;96215
78;96224
78;96231
78;96247
78;96250
78;96257
78;96257
78;96260
78;96264
78;96272
78;96275
78;97440
78;97447
78;97447
78;97451
78;97456
78;97464
78;97469
78;97488
78;97490
78;97493
78;97497
78;97499
78;97502
78;97505
78;97506
78;97508
78;97509
78;97511
78;97513
78;97516
78;97520
78;97523
78;97525
78;97526
78;97529
78;97532
78;97534
78;97535
78;97537
79;82110
79;82140
79;82178
79;82194
79;82216
79;82223
79;82239
79;82256
79;82272
79;82275
79;82276
79;82278
79;82281
79;82284
79;82285
79;82287
79;82288
79;82290
79;82291
79;82293
79;82294
79;82296
79;82299
79;84130
79;84152
79;84160
79;84163
79;84164
79;84177
79;84180
79;84183
79;86609
79;86641
79;86650
79;86653
79;86653
79;86655
79;86660
79;86663
79;86675
79;86681
79;86682
79;86684
79;86685
79;86687
79;86688
79;86690
79;86692
79;86694
79;86698
79;86700
79;86703
79;86704
79;86709
79;86720
79;86720
79;86729
79;86732
79;86733
79;86735
79;86735
79;86738
79;86739
79;86741
79;86742
79;86744
79;86747
79;86748
79;86750
79;86751
79;86753
79;86754
79;86756
79;86757
79;86759
79;94405
79;94417
79;94428
79;94431
79;94436
79;94437
79;94522
79;95100
79;95153
79;95163
79;95168
79;95173
79;95186
79;95195
79;95199
79;95615
79;95632
79;95659
79;95680
79;95691
79;95697
79;95706
79;95707
79;95709
79;97199
79;97204
79;97209
79;97218
79;97222
79;97228
79;97230
79;97232
79;97234
79;97236
79;97237
79;97239
79;97241
79;97241
79;97243
79;97244
79;97246
79;97247
79;97249
79;97250
79;97252
79;97253
79;97255
79;97255
79;97256
79;97259
79;97261
79;97262
79;97264
79;97264
79;97265
79;97268
79;97270
79;97271
79;97273
79;97274
79;97276
79;97277
79;97279
79;97283
79;97285
79;97285
79;97286
79;97286
79;97288
79;97291
79;97292
79;97292
79;97294
79;97295
79;97297
79;97299
80;82418
80;82418
80;82418
80;82433
80;82435
80;82438
80;82439
80;82441
80;82442
80;82445
80;82447
80;82449
80;82456
80;82481
80;82487
80;82488
80;82490
80;82491
80;82494
80;82496
80;82497
80;82499
80;87448
80;87452
80;87463
80;87466
80;87471
80;87474
80;87477
80;87480
80;87487
80;87488
80;87490
80;87493
80;87497
80;87499
80;87509
80;87527
80;87527
80;87534
80;87538
80;87538
80;87538
80;87538
80;87541
80;87544
80;87545
80;87547
80;87549
80;87561
81;29410
81;29413
81;29413
81;29413
81;29416
81;38486
81;38486
81;38489
81;38489
81;38489
81;39619
81;39624
81;39638
81;82269
81;82279
81;86492
81;86836
81;86857
81;86859
81;86886
81;86911
81;86916
81;86919
81;86920
81;86923
81;86925
81;86926
81;86928
81;86929
81;86931
81;86932
81;86934
81;86935
81;86937
81;86938
81;86940
81;86943
81;86944
81;86946
81;86947
81;86949
81;86949
81;86974
81;86981
82;06366
82;06369
82;06385
82;06386
82;06766
82;06774
82;06779
82;06780
82;06792
82;39261
82;51570
82;53332
82;53340
82;53343
82;53347
82;53359
82;53604
82;53639
82;53721
82;53757
82;53773
82;53783
82;53797
82;53804
82;53809
82;53819
82;53840
82;53859
82;53913
82;83607
82;83624
82;83626
82;83627
82;83629
82;83666
82;83684
82;83700
82;83703
82;83707
82;83708
82;83714
82;83727
82;83730
82;83734
82;83735
82;83737
83;39164
83;39167
83;39171
83;39179
83;39326
83;39326
83;39326
83;39326
83;39326
83;39326
83;39326
83;39326
83;39340
83;39343
83;39343
83;39343
83;39343
83;39345
83;39345
83;39345
83;39365
83;39365
83;39365
83;39365
83;39365
83;39387
83;39393
83;39393
83;39393
83;39393
83;39397
83;39397
83;39517
83;39646
83;83527
83;83527
83;83536
83;83558
83;83562
83;83567
83;84419
83;84419
83;84428
83;84431
83;84431
83;84437
83;84453
83;84478
83;84494
83;84494
83;84494
83;84494
83;84513
83;84539
83;84539
83;84544
83;84546
83;84555
83;84559
83;84562
83;84564
83;84565
83;84570
83;84573
83;84574
84;06618
84;06618
84;06618
84;06618
84;06618
84;06628
84;06632
84;06632
84;06632
84;06636
84;06638
84;06642
84;06642
84;06647
84;06647
84;06647
84;06647
84;06648
84;06667
84;06667
84;06667
84;06679
84;06682
84;06686
84;06712
84;06712
84;06712
84;06712
84;06721
84;06721
84;06722
84;06722
84;06729
84;82008
84;82024
84;82025
84;82035
84;82049
84;82054
84;82061
84;82064
84;82065
84;82069
84;82152
84;82166
84;85521
84;85540
84;85551
84;85579
84;85609
84;85622
84;85630
84;85635
84;85640
84;85649
84;85653
84;85662
84;85716
84;85737
84;85748
84;85764
84;85774
85;06458
85;06458
85;06463
85;06484
85;06484
85;06493
85;06493
85;06502
85;38820
85;38822
85;38828
85;38829
85;38835
85;38838
85;38855
85;38871
85;38871
85;38875
85;38889
85;39397
85;85123
85;86529
85;86561
85;86562
85;86564
85;86565
85;86571
85;86579
85;86633
85;86643
85;86666
85;86668
85;86669
85;86673
85;86676
85;86697
85;86701
85;86706
86;39175
86;39245
86;39288
86;39291
86;39291
86;39307
86;39317
86;39319
86;85077
86;85084
86;85088
86;85107
86;85119
86;85126
86;85276
86;85283
86;85290
86;85293
86;85296
86;85298
86;85301
86;85302
86;85304
86;85304
86;85305
86;85309
86;86558
87;06295
87;06295
87;06308
87;06308
87;06311
87;06313
87;06313
87;06313
87;06317
87;06333
87;06343
87;06347
87;06456
87;06526
87;06528
87;06528
87;06528
87;06528
87;06536
87;06536
87;06537
87;06542
87;83043
87;83052
87;83059
87;83064
87;83071
87;83075
87;83080
87;83083
87;83088
87;83093
87;83098
87;83101
87;83104
87;83109
87;83112
87;83115
87;83122
87;83123
87;83125
87;83126
87;83128
87;83129
87;83131
87;83134
87;83135
87;83137
87;83139
87;83209
87;83229
87;83233
87;83253
87;83254
87;83254
87;83257
87;83512
87;83533
87;83539
87;83543
87;83544
87;83547
87;83549
87;83556
87;83561
87;83564
87;83569
87;83620
88;06179
88;06184
88;06188
88;06193
88;06193
88;06198
88;06217
88;06231
88;06237
88;06242
88;06246
88;06249
88;06258
88;06268
88;06268
88;06268
88;06268
88;06268
88;06279
88;06279
88;82131
88;82142
88;82205
88;82211
88;82229
88;82234
88;82237
88;82266
88;82319
88;82327
88;82335
88;82340
88;82341
88;82346
89;06406
89;06408
89;06420
89;06425
89;06425
89;06429
89;06449
89;06449
89;06469
89;39218
89;39221
89;39240
89;39249
89;39418
89;39435
89;39435
89;39435
89;39435
89;39439
89;39444
89;39448
89;83119
89;83132
89;83219
89;83224
89;83236
89;83242
89;83243
89;83250
89;83259
89;83278
89;83294
89;83308
89;83313
89;83324
89;83325
89;83325
89;83334
89;83339
89;83342
89;83346
89;83349
89;83352
89;83355
89;83358
89;83361
89;83362
89;83365
89;83367
89;83373
89;83377
89;83413
89;83417
89;83530
89;84529
89;84549
90;14715
90;39517
90;39524
90;39524
90;39524
90;39524
90;39524
90;39539
90;39576
90;39579
90;39590
90;39596
90;39596
90;39596
90;39596
90;39596
90;39596
90;39606
90;39606
90;39606
90;39615
90;39615
90;39615
90;39615
90;39629
90;82347
90;82362
90;82377
90;82380
90;82383
90;82386
90;82386
90;82387
90;82389
90;82390
90;82392
90;82393
90;82395
90;82396
90;82398
90;82399
90;82401
90;82402
90;82404
90;82405
90;82407
90;82409
90;82436
90;86956
90;86971
90;86972
90;86975
90;86977
90;86978
90;86980
90;86984
90;86986
90;86987
90;86989
91;06773
91;06785
91;06869
91;06886
91;06895
91;06901
91;06905
91;06917
91;06925