;
0;[0,5]
1;[0,5]
2;[0,5]
3;[0,5]
4;[0,5]
5;[0,5]
6;]5,10]
7;]5,10]
8;]5,10]
9;]5,10]
10;]5,10]
11;]10,20]
12;]10,20]
13;]10,20]
14;]10,20]
15;]10,20]
16;]10,20]
17;]10,20]
18;]10,20]
19;]10,20]
20;]10,20]
21;]20,40]
22;]20,40]
23;]20,40]
24;]20,40]
25;]20,40]
26;]20,40]
27;]20,40]
28;]20,40]
29;]20,40]
30;]20,40]
31;]20,40]
32;]20,40]
33;]20,40]
34;]20,40]
35;]20,40]
36;]20,40]
37;]20,40]
38;]20,40]
39;]20,40]
40;]20,40]
41;]40,80]
42;]40,80]
43;]40,80]
44;]40,80]
45;]40,80]
46;]40,80]
47;]40,80]
48;]40,80]
49;]40,80]
50;]40,80]
51;]40,80]
52;]40,80]
53;]40,80]
54;]40,80]
55;]40,80]
56;]40,80]
57;]40,80]
58;]40,80]
59;]40,80]
60;]40,80]
61;]40,80]
62;]40,80]
63;]40,80]
64;]40,80]
65;]40,80]
66;]40,80]
67;]40,80]
68;]40,80]
69;]40,80]
70;]40,80]
71;]40,80]
72;]40,80]
73;]40,80]
74;]40,80]
75;]40,80]
76;]40,80]
77;]40,80]
78;]40,80]
79;]40,80]
80;]40,80]
81;]80,160]
82;]80,160]
83;]80,160]
84;]80,160]
85;]80,160]
86;]80,160]
87;]80,160]
88;]80,160]
89;]80,160]
90;]80,160]
91;]80,160]
92;]80,160]
93;]80,160]
94;]80,160]
95;]80,160]
96;]80,160]
97;]80,160]
98;]80,160]
99;]80,160]
100;]80,160]
101;]80,160]
102;]80,160]
103;]80,160]
104;]80,160]
105;]80,160]
106;]80,160]
107;]80,160]
108;]80,160]
109;]80,160]
110;]80,160]
111;]80,160]
112;]80,160]
113;]80,160]
114;]80,160]
115;]80,160]
116;]80,160]
117;]80,160]
118;]80,160]
119;]80,160]
120;]80,160]
121;]80,160]
122;]80,160]
123;]80,160]
124;]80,160]
125;]80,160]
126;]80,160]
127;]80,160]
128;]80,160]
129;]80,160]
130;]80,160]
131;]80,160]
132;]80,160]
133;]80,160]
134;]80,160]
135;]80,160]
136;]80,160]
137;]80,160]
138;]80,160]
139;]80,160]
140;]80,160]
141;]80,160]
142;]80,160]
143;]80,160]
144;]80,160]
145;]80,160]
146;]80,160]
147;]80,160]
148;]80,160]
149;]80,160]
150;]80,160]
151;]80,160]
152;]80,160]
153;]80,160]
154;]80,160]
155;]80,160]
156;]80,160]
157;]80,160]
158;]80,160]
159;]80,160]
160;]80,160]
161;]160,320]
162;]160,320]
163;]160,320]
164;]160,320]
165;]160,320]
166;]160,320]
167;]160,320]
168;]160,320]
169;]160,320]
170;]160,320]
171;]160,320]
172;]160,320]
173;]160,320]
174;]160,320]
175;]160,320]
176;]160,320]
177;]160,320]
178;]160,320]
179;]160,320]
180;]160,320]
181;]160,320]
182;]160,320]
183;]160,320]
184;]160,320]
185;]160,320]
186;]160,320]
187;]160,320]
188;]160,320]
189;]160,320]
190;]160,320]
191;]160,320]
192;]160,320]
193;]160,320]
194;]160,320]
195;]160,320]
196;]160,320]
197;]160,320]
198;]160,320]
199;]160,320]
200;]160,320]
201;]160,320]
202;]160,320]
203;]160,320]
204;]160,320]
205;]160,320]
206;]160,320]
207;]160,320]
208;]160,320]
209;]160,320]
210;]160,320]
211;]160,320]
212;]160,320]
213;]160,320]
214;]160,320]
215;]160,320]
216;]160,320]
217;]160,320]
218;]160,320]
219;]160,320]
220;]160,320]
221;]160,320]
222;]160,320]
223;]160,320]
224;]160,320]
225;]160,320]
226;]160,320]
227;]160,320]
228;]160,320]
229;]160,320]
230;]160,320]
231;]160,320]
232;]160,320]
233;]160,320]
234;]160,320]
235;]160,320]
236;]160,320]
237;]160,320]
238;]160,320]
239;]160,320]
240;]160,320]
241;]160,320]
242;]160,320]
243;]160,320]
244;]160,320]
245;]160,320]
246;]160,320]
247;]160,320]
248;]160,320]
249;]160,320]
250;]160,320]
251;]160,320]
252;]160,320]
253;]160,320]
254;]160,320]
255;]160,320]
256;]160,320]
257;]160,320]
258;]160,320]
259;]160,320]
260;]160,320]
261;]160,320]
262;]160,320]
263;]160,320]
264;]160,320]
265;]160,320]
266;]160,320]
267;]160,320]
268;]160,320]
269;]160,320]
270;]160,320]
271;]160,320]
272;]160,320]
273;]160,320]
274;]160,320]
275;]160,320]
276;]160,320]
277;]160,320]
278;]160,320]
279;]160,320]
280;]160,320]
281;]160,320]
282;]160,320]
283;]160,320]
284;]160,320]
285;]160,320]
286;]160,320]
287;]160,320]
288;]160,320]
289;]160,320]
290;]160,320]
291;]160,320]
292;]160,320]
293;]160,320]
294;]160,320]
295;]160,320]
296;]160,320]
297;]160,320]
298;]160,320]
299;]160,320]
300;]160,320]
301;]160,320]
302;]160,320]
303;]160,320]
304;]160,320]
305;]160,320]
306;]160,320]
307;]160,320]
308;]160,320]
309;]160,320]
310;]160,320]
311;]160,320]
312;]160,320]
313;]160,320]
314;]160,320]
315;]160,320]
316;]160,320]
317;]160,320]
318;]160,320]
319;]160,320]
320;]160,320]
321;]320,640]
322;]320,640]
323;]320,640]
324;]320,640]
325;]320,640]
326;]320,640]
327;]320,640]
328;]320,640]
329;]320,640]
330;]320,640]
331;]320,640]
332;]320,640]
333;]320,640]
334;]320,640]
335;]320,640]
336;]320,640]
337;]320,640]
338;]320,640]
339;]320,640]
340;]320,640]
341;]320,640]
342;]320,640]
343;]320,640]
344;]320,640]
345;]320,640]
346;]320,640]
347;]320,640]
348;]320,640]
349;]320,640]
350;]320,640]
351;]320,640]
352;]320,640]
353;]320,640]
354;]320,640]
355;]320,640]
356;]320,640]
357;]320,640]
358;]320,640]
359;]320,640]
360;]320,640]
361;]320,640]
362;]320,640]
363;]320,640]
364;]320,640]
365;]320,640]
366;]320,640]
367;]320,640]
368;]320,640]
369;]320,640]
370;]320,640]
371;]320,640]
372;]320,640]
373;]320,640]
374;]320,640]
375;]320,640]
376;]320,640]
377;]320,640]
378;]320,640]
379;]320,640]
380;]320,640]
381;]320,640]
382;]320,640]
383;]320,640]
384;]320,640]
385;]320,640]
386;]320,640]
387;]320,640]
388;]320,640]
389;]320,640]
390;]320,640]
391;]320,640]
392;]320,640]
393;]320,640]
394;]320,640]
395;]320,640]
396;]320,640]
397;]320,640]
398;]320,640]
399;]320,640]
400;]320,640]
401;]320,640]
402;]320,640]
403;]320,640]
404;]320,640]
405;]320,640]
406;]320,640]
407;]320,640]
408;]320,640]
409;]320,640]
410;]320,640]
411;]320,640]
412;]320,640]
413;]320,640]
414;]320,640]
415;]320,640]
416;]320,640]
417;]320,640]
418;]320,640]
419;]320,640]
420;]320,640]
421;]320,640]
422;]320,640]
423;]320,640]
424;]320,640]
425;]320,640]
426;]320,640]
427;]320,640]
428;]320,640]
429;]320,640]
430;]320,640]
431;]320,640]
432;]320,640]
433;]320,640]
434;]320,640]
435;]320,640]
436;]320,640]
437;]320,640]
438;]320,640]
439;]320,640]
440;]320,640]
441;]320,640]
442;]320,640]
443;]320,640]
444;]320,640]
445;]320,640]
446;]320,640]
447;]320,640]
448;]320,640]
449;]320,640]
450;]320,640]
451;]320,640]
452;]320,640]
453;]320,640]
454;]320,640]
455;]320,640]
456;]320,640]
457;]320,640]
458;]320,640]
459;]320,640]
460;]320,640]
461;]320,640]
462;]320,640]
463;]320,640]
464;]320,640]
465;]320,640]
466;]320,640]
467;]320,640]
468;]320,640]
469;]320,640]
470;]320,640]
471;]320,640]
472;]320,640]
473;]320,640]
474;]320,640]
475;]320,640]
476;]320,640]
477;]320,640]
478;]320,640]
479;]320,640]
480;]320,640]
481;]320,640]
482;]320,640]
483;]320,640]
484;]320,640]
485;]320,640]
486;]320,640]
487;]320,640]
488;]320,640]
489;]320,640]
490;]320,640]
491;]320,640]
492;]320,640]
493;]320,640]
494;]320,640]
495;]320,640]
496;]320,640]
497;]320,640]
498;]320,640]
499;]320,640]
500;]320,640]
501;]320,640]
502;]320,640]
503;]320,640]
504;]320,640]
505;]320,640]
506;]320,640]
507;]320,640]
508;]320,640]
509;]320,640]
510;]320,640]
511;]320,640]
512;]320,640]
513;]320,640]
514;]320,640]
515;]320,640]
516;]320,640]
517;]320,640]
518;]320,640]
519;]320,640]
520;]320,640]
521;]320,640]
522;]320,640]
523;]320,640]
524;]320,640]
525;]320,640]
526;]320,640]
527;]320,640]
528;]320,640]
529;]320,640]
530;]320,640]
531;]320,640]
532;]320,640]
533;]320,640]
534;]320,640]
535;]320,640]
536;]320,640]
537;]320,640]
538;]320,640]
539;]320,640]
540;]320,640]
541;]320,640]
542;]320,640]
543;]320,640]
544;]320,640]
545;]320,640]
546;]320,640]
547;]320,640]
548;]320,640]
549;]320,640]
550;]320,640]
551;]320,640]
552;]320,640]
553;]320,640]
554;]320,640]
555;]320,640]
556;]320,640]
557;]320,640]
558;]320,640]
559;]320,640]
560;]320,640]
561;]320,640]
562;]320,640]
563;]320,640]
564;]320,640]
565;]320,640]
566;]320,640]
567;]320,640]
568;]320,640]
569;]320,640]
570;]320,640]
571;]320,640]
572;]320,640]
573;]320,640]
574;]320,640]
575;]320,640]
576;]320,640]
577;]320,640]
578;]320,640]
579;]320,640]
580;]320,640]
581;]320,640]
582;]320,640]
583;]320,640]
584;]320,640]
585;]320,640]
586;]320,640]
587;]320,640]
588;]320,640]
589;]320,640]
590;]320,640]
591;]320,640]
592;]320,640]
593;]320,640]
594;]320,640]
595;]320,640]
596;]320,640]
597;]320,640]
598;]320,640]
599;]320,640]
600;]320,640]
601;]320,640]
602;]320,640]
603;]320,640]
604;]320,640]
605;]320,640]
606;]320,640]
607;]320,640]
608;]320,640]
609;]320,640]
610;]320,640]
611;]320,640]
612;]320,640]
613;]320,640]
614;]320,640]
615;]320,640]
616;]320,640]
617;]320,640]
618;]320,640]
619;]320,640]
620;]320,640]
621;]320,640]
622;]320,640]
623;]320,640]
624;]320,640]
625;]320,640]
626;]320,640]
627;]320,640]
628;]320,640]
629;]320,640]
630;]320,640]
631;]320,640]
632;]320,640]
633;]320,640]
634;]320,640]
635;]320,640]
636;]320,640]
637;]320,640]
638;]320,640]
639;]320,640]
640;]320,640]
641;]640, 1280]
642;]640, 1280]
643;]640, 1280]
644;]640, 1280]
645;]640, 1280]
646;]640, 1280]
647;]640, 1280]
648;]640, 1280]
649;]640, 1280]
650;]640, 1280]
651;]640, 1280]
652;]640, 1280]
653;]640, 1280]
654;]640, 1280]
655;]640, 1280]
656;]640, 1280]
657;]640, 1280]
658;]640, 1280]
659;]640, 1280]
660;]640, 1280]
661;]640, 1280]
662;]640, 1280]
663;]640, 1280]
664;]640, 1280]
665;]640, 1280]
666;]640, 1280]
667;]640, 1280]
668;]640, 1280]
669;]640, 1280]
670;]640, 1280]
671;]640, 1280]
672;]640, 1280]
673;]640, 1280]
674;]640, 1280]
675;]640, 1280]
676;]640, 1280]
677;]640, 1280]
678;]640, 1280]
679;]640, 1280]
680;]640, 1280]
681;]640, 1280]
682;]640, 1280]
683;]640, 1280]
684;]640, 1280]
685;]640, 1280]
686;]640, 1280]
687;]640, 1280]
688;]640, 1280]
689;]640, 1280]
690;]640, 1280]
691;]640, 1280]
692;]640, 1280]
693;]640, 1280]
694;]640, 1280]
695;]640, 1280]
696;]640, 1280]
697;]640, 1280]
698;]640, 1280]
699;]640, 1280]
700;]640, 1280]
701;]640, 1280]
702;]640, 1280]
703;]640, 1280]
704;]640, 1280]
705;]640, 1280]
706;]640, 1280]
707;]640, 1280]
708;]640, 1280]
709;]640, 1280]
710;]640, 1280]
711;]640, 1280]
712;]640, 1280]
713;]640, 1280]
714;]640, 1280]
715;]640, 1280]
716;]640, 1280]
717;]640, 1280]
718;]640, 1280]
719;]640, 1280]
720;]640, 1280]
721;]640, 1280]
722;]640, 1280]
723;]640, 1280]
724;]640, 1280]
725;]640, 1280]
726;]640, 1280]
727;]640, 1280]
728;]640, 1280]
729;]640, 1280]
730;]640, 1280]
731;]640, 1280]
732;]640, 1280]
733;]640, 1280]
734;]640, 1280]
735;]640, 1280]
736;]640, 1280]
737;]640, 1280]
738;]640, 1280]
739;]640, 1280]
740;]640, 1280]
741;]640, 1280]
742;]640, 1280]
743;]640, 1280]
744;]640, 1280]
745;]640, 1280]
746;]640, 1280]
747;]640, 1280]
748;]640, 1280]
749;]640, 1280]
750;]640, 1280]
751;]640, 1280]
752;]640, 1280]
753;]640, 1280]
754;]640, 1280]
755;]640, 1280]
756;]640, 1280]
757;]640, 1280]
758;]640, 1280]
759;]640, 1280]
760;]640, 1280]
761;]640, 1280]
762;]640, 1280]
763;]640, 1280]
764;]640, 1280]
765;]640, 1280]
766;]640, 1280]
767;]640, 1280]
768;]640, 1280]
769;]640, 1280]
770;]640, 1280]
771;]640, 1280]
772;]640, 1280]
773;]640, 1280]
774;]640, 1280]
775;]640, 1280]
776;]640, 1280]
777;]640, 1280]
778;]640, 1280]
779;]640, 1280]
780;]640, 1280]
781;]640, 1280]
782;]640, 1280]
783;]640, 1280]
784;]640, 1280]
785;]640, 1280]
786;]640, 1280]
787;]640, 1280]
788;]640, 1280]
789;]640, 1280]
790;]640, 1280]
791;]640, 1280]
792;]640, 1280]
793;]640, 1280]
794;]640, 1280]
795;]640, 1280]
796;]640, 1280]
797;]640, 1280]
798;]640, 1280]
799;]640, 1280]
800;]640, 1280]
801;]640, 1280]
802;]640, 1280]
803;]640, 1280]
804;]640, 1280]
805;]640, 1280]
806;]640, 1280]
807;]640, 1280]
808;]640, 1280]
809;]640, 1280]
810;]640, 1280]
811;]640, 1280]
812;]640, 1280]
813;]640, 1280]
814;]640, 1280]
815;]640, 1280]
816;]640, 1280]
817;]640, 1280]
818;]640, 1280]
819;]640, 1280]
820;]640, 1280]
821;]640, 1280]
822;]640, 1280]
823;]640, 1280]
824;]640, 1280]
825;]640, 1280]
826;]640, 1280]
827;]640, 1280]
828;]640, 1280]
829;]640, 1280]
830;]640, 1280]
831;]640, 1280]
832;]640, 1280]
833;]640, 1280]
834;]640, 1280]
835;]640, 1280]
836;]640, 1280]
837;]640, 1280]
838;]640, 1280]
839;]640, 1280]
840;]640, 1280]
841;]640, 1280]
842;]640, 1280]
843;]640, 1280]
844;]640, 1280]
845;]640, 1280]
846;]640, 1280]
847;]640, 1280]
848;]640, 1280]
849;]640, 1280]
850;]640, 1280]
851;]640, 1280]
852;]640, 1280]
853;]640, 1280]
854;]640, 1280]
855;]640, 1280]
856;]640, 1280]
857;]640, 1280]
858;]640, 1280]
859;]640, 1280]
860;]640, 1280]
861;]640, 1280]
862;]640, 1280]
863;]640, 1280]
864;]640, 1280]
865;]640, 1280]
866;]640, 1280]
867;]640, 1280]
868;]640, 1280]
869;]640, 1280]
870;]640, 1280]
871;]640, 1280]
872;]640, 1280]
873;]640, 1280]
874;]640, 1280]
875;]640, 1280]
876;]640, 1280]
877;]640, 1280]
878;]640, 1280]
879;]640, 1280]
880;]640, 1280]
881;]640, 1280]
882;]640, 1280]
883;]640, 1280]
884;]640, 1280]
885;]640, 1280]
886;]640, 1280]
887;]640, 1280]
888;]640, 1280]
889;]640, 1280]
890;]640, 1280]
891;]640, 1280]
892;]640, 1280]
893;]640, 1280]
894;]640, 1280]
895;]640, 1280]
896;]640, 1280]
897;]640, 1280]
898;]640, 1280]
899;]640, 1280]
900;]640, 1280]
901;]640, 1280]
902;]640, 1280]
903;]640, 1280]
904;]640, 1280]
905;]640, 1280]
906;]640, 1280]
907;]640, 1280]
908;]640, 1280]
909;]640, 1280]
910;]640, 1280]
911;]640, 1280]
912;]640, 1280]
913;]640, 1280]
914;]640, 1280]
915;]640, 1280]
916;]640, 1280]
917;]640, 1280]
918;]640, 1280]
919;]640, 1280]
920;]640, 1280]
921;]640, 1280]
922;]640, 1280]
923;]640, 1280]
924;]640, 1280]
925;]640, 1280]
926;]640, 1280]
927;]640, 1280]
928;]640, 1280]
929;]640, 1280]
930;]640, 1280]
931;]640, 1280]
932;]640, 1280]
933;]640, 1280]
934;]640, 1280]
935;]640, 1280]
936;]640, 1280]
937;]640, 1280]
938;]640, 1280]
939;]640, 1280]
940;]640, 1280]
941;]640, 1280]
942;]640, 1280]
943;]640, 1280]
944;]640, 1280]
945;]640, 1280]
946;]640, 1280]
947;]640, 1280]
948;]640, 1280]
949;]640, 1280]
950;]640, 1280]
951;]640, 1280]
952;]640, 1280]
953;]640, 1280]
954;]640, 1280]
955;]640, 1280]
956;]640, 1280]
957;]640, 1280]
958;]640, 1280]
959;]640, 1280]
960;]640, 1280]
961;]640, 1280]
962;]640, 1280]
963;]640, 1280]
964;]640, 1280]
965;]640, 1280]
966;]640, 1280]
967;]640, 1280]
968;]640, 1280]
969;]640, 1280]
970;]640, 1280]
971;]640, 1280]
972;]640, 1280]
973;]640, 1280]
974;]640, 1280]
975;]640, 1280]
976;]640, 1280]
977;]640, 1280]
978;]640, 1280]
979;]640, 1280]
980;]640, 1280]
981;]640, 1280]
982;]640, 1280]
983;]640, 1280]
984;]640, 1280]
985;]640, 1280]
986;]640, 1280]
987;]640, 1280]
988;]640, 1280]
989;]640, 1280]
990;]640, 1280]
991;]640, 1280]
992;]640, 1280]
993;]640, 1280]
994;]640, 1280]
995;]640, 1280]
996;]640, 1280]
997;]640, 1280]
998;]640, 1280]
999;]640, 1280]
1000;]640, 1280]
1001;]640, 1280]
1002;]640, 1280]
1003;]640, 1280]
1004;]640, 1280]
1005;]640, 1280]
1006;]640, 1280]
1007;]640, 1280]
1008;]640, 1280]
1009;]640, 1280]
1010;]640, 1280]
1011;]640, 1280]
1012;]640, 1280]
1013;]640, 1280]
1014;]640, 1280]
1015;]640, 1280]
1016;]640, 1280]
1017;]640, 1280]
1018;]640, 1280]
1019;]640, 1280]
1020;]640, 1280]
1021;]640, 1280]
1022;]640, 1280]
1023;]640, 1280]
1024;]640, 1280]
1025;]640, 1280]
1026;]640, 1280]
1027;]640, 1280]
1028;]640, 1280]
1029;]640, 1280]
1030;]640, 1280]
1031;]640, 1280]
1032;]640, 1280]
1033;]640, 1280]
1034;]640, 1280]
1035;]640, 1280]
1036;]640, 1280]
1037;]640, 1280]
1038;]640, 1280]
1039;]640, 1280]
1040;]640, 1280]
1041;]640, 1280]
1042;]640, 1280]
1043;]640, 1280]
1044;]640, 1280]
1045;]640, 1280]
1046;]640, 1280]
1047;]640, 1280]
1048;]640, 1280]
1049;]640, 1280]
1050;]640, 1280]
1051;]640, 1280]
1052;]640, 1280]
1053;]640, 1280]
1054;]640, 1280]
1055;]640, 1280]
1056;]640, 1280]
1057;]640, 1280]
1058;]640, 1280]
1059;]640, 1280]
1060;]640, 1280]
1061;]640, 1280]
1062;]640, 1280]
1063;]640, 1280]
1064;]640, 1280]
1065;]640, 1280]
1066;]640, 1280]
1067;]640, 1280]
1068;]640, 1280]
1069;]640, 1280]
1070;]640, 1280]
1071;]640, 1280]
1072;]640, 1280]
1073;]640, 1280]
1074;]640, 1280]
1075;]640, 1280]
1076;]640, 1280]
1077;]640, 1280]
1078;]640, 1280]
1079;]640, 1280]
1080;]640, 1280]
1081;]640, 1280]
1082;]640, 1280]
1083;]640, 1280]
1084;]640, 1280]
1085;]640, 1280]
1086;]640, 1280]
1087;]640, 1280]
1088;]640, 1280]
1089;]640, 1280]
1090;]640, 1280]
1091;]640, 1280]
1092;]640, 1280]
1093;]640, 1280]
1094;]640, 1280]
1095;]640, 1280]
1096;]640, 1280]
1097;]640, 1280]
1098;]640, 1280]
1099;]640, 1280]
1100;]640, 1280]
1101;]640, 1280]
1102;]640, 1280]
1103;]640, 1280]
1104;]640, 1280]
1105;]640, 1280]
1106;]640, 1280]
1107;]640, 1280]
1108;]640, 1280]
1109;]640, 1280]
1110;]640, 1280]
1111;]640, 1280]
1112;]640, 1280]
1113;]640, 1280]
1114;]640, 1280]
1115;]640, 1280]
1116;]640, 1280]
1117;]640, 1280]
1118;]640, 1280]
1119;]640, 1280]
1120;]640, 1280]
1121;]640, 1280]
1122;]640, 1280]
1123;]640, 1280]
1124;]640, 1280]
1125;]640, 1280]
1126;]640, 1280]
1127;]640, 1280]
1128;]640, 1280]
1129;]640, 1280]
1130;]640, 1280]
1131;]640, 1280]
1132;]640, 1280]
1133;]640, 1280]
1134;]640, 1280]
1135;]640, 1280]
1136;]640, 1280]
1137;]640, 1280]
1138;]640, 1280]
1139;]640, 1280]
1140;]640, 1280]
1141;]640, 1280]
1142;]640, 1280]
1143;]640, 1280]
1144;]640, 1280]
1145;]640, 1280]
1146;]640, 1280]
1147;]640, 1280]
1148;]640, 1280]
1149;]640, 1280]
1150;]640, 1280]
1151;]640, 1280]
1152;]640, 1280]
1153;]640, 1280]
1154;]640, 1280]
1155;]640, 1280]
1156;]640, 1280]
1157;]640, 1280]
1158;]640, 1280]
1159;]640, 1280]
1160;]640, 1280]
1161;]640, 1280]
1162;]640, 1280]
1163;]640, 1280]
1164;]640, 1280]
1165;]640, 1280]
1166;]640, 1280]
1167;]640, 1280]
1168;]640, 1280]
1169;]640, 1280]
1170;]640, 1280]
1171;]640, 1280]
1172;]640, 1280]
1173;]640, 1280]
1174;]640, 1280]
1175;]640, 1280]
1176;]640, 1280]
1177;]640, 1280]
1178;]640, 1280]
1179;]640, 1280]
1180;]640, 1280]
1181;]640, 1280]
1182;]640, 1280]
1183;]640, 1280]
1184;]640, 1280]
1185;]640, 1280]
1186;]640, 1280]
1187;]640, 1280]
1188;]640, 1280]
1189;]640, 1280]
1190;]640, 1280]
1191;]640, 1280]
1192;]640, 1280]
1193;]640, 1280]
1194;]640, 1280]
1195;]640, 1280]
1196;]640, 1280]
1197;]640, 1280]
1198;]640, 1280]
1199;]640, 1280]
1200;]640, 1280]
1201;]640, 1280]
1202;]640, 1280]
1203;]640, 1280]
1204;]640, 1280]
1205;]640, 1280]
1206;]640, 1280]
1207;]640, 1280]
1208;]640, 1280]
1209;]640, 1280]
1210;]640, 1280]
1211;]640, 1280]
1212;]640, 1280]
1213;]640, 1280]
1214;]640, 1280]
1215;]640, 1280]
1216;]640, 1280]
1217;]640, 1280]
1218;]640, 1280]
1219;]640, 1280]
1220;]640, 1280]
1221;]640, 1280]
1222;]640, 1280]
1223;]640, 1280]
1224;]640, 1280]
1225;]640, 1280]
1226;]640, 1280]
1227;]640, 1280]
1228;]640, 1280]
1229;]640, 1280]
1230;]640, 1280]
1231;]640, 1280]
1232;]640, 1280]
1233;]640, 1280]
1234;]640, 1280]
1235;]640, 1280]
1236;]640, 1280]
1237;]640, 1280]
1238;]640, 1280]
1239;]640, 1280]
1240;]640, 1280]
1241;]640, 1280]
1242;]640, 1280]
1243;]640, 1280]
1244;]640, 1280]
1245;]640, 1280]
1246;]640, 1280]
1247;]640, 1280]
1248;]640, 1280]
1249;]640, 1280]
1250;]640, 1280]
1251;]640, 1280]
1252;]640, 1280]
1253;]640, 1280]
1254;]640, 1280]
1255;]640, 1280]
1256;]640, 1280]
1257;]640, 1280]
1258;]640, 1280]
1259;]640, 1280]
1260;]640, 1280]
1261;]640, 1280]
1262;]640, 1280]
1263;]640, 1280]
1264;]640, 1280]
1265;]640, 1280]
1266;]640, 1280]
1267;]640, 1280]
1268;]640, 1280]
1269;]640, 1280]
1270;]640, 1280]
1271;]640, 1280]
1272;]640, 1280]
1273;]640, 1280]
1274;]640, 1280]
1275;]640, 1280]
1276;]640, 1280]
1277;]640, 1280]
1278;]640, 1280]
1279;]640, 1280]
1280;]640, 1280]